citation_id,genus,pipiens_complex? ,(sub)species,ecotype,species_id,reasoning_species_id,experiment_id,experiment_distinguisher,distinguisher_value,figure,temperature,trait,statistic,SD,SE,extraction_note,nutrients_type,nutrients_concentration,water_volume_at_larva_stage,humidity,photoperiod (L:D),mosquito_origin,location_collect,time_in_lab,lab_origin,pre_experiment_setup,Notes
Spanoudis_2019,Culex,yes,pipiens,molestus,Cmol,unambigious,1,NA,NA,Table 1,15,45.1,mean,NA,0.33,trait and SE value calculated by combining larva and pupal stage data,fish flakes,unclear,20-25ml per larva,>65%,16:8,lab,NA,over 25yr,"Benaki Phytopathological Institute, Kifissia, Greece. Maintained at 24–26°C, high relative humidity >80%, 14:10 (L:D)","maintained in a controlled environment at 25–26°C, 65–70% RH and at a 16:8 (L:D) h period for more than two generations prior to experimentation.",
Spanoudis_2019,Culex,yes,pipiens,molestus,Cmol,unambigious,1,NA,NA,Table 1,17.5,36.9,mean,NA,0.56,trait and SE value calculated by combining larva and pupal stage data,fish flakes,unclear,20-25ml per larva,>65%,16:8,lab,NA,over 25yr,"Benaki Phytopathological Institute, Kifissia, Greece. Maintained at 24–26°C, high relative humidity >80%, 14:10 (L:D)","maintained in a controlled environment at 25–26°C, 65–70% RH and at a 16:8 (L:D) h period for more than two generations prior to experimentation.",
Spanoudis_2019,Culex,yes,pipiens,molestus,Cmol,unambigious,1,NA,NA,Table 1,20,31.1,mean,NA,0.32,trait and SE value calculated by combining larva and pupal stage data,fish flakes,unclear,20-25ml per larva,>65%,16:8,lab,NA,over 25yr,"Benaki Phytopathological Institute, Kifissia, Greece. Maintained at 24–26°C, high relative humidity >80%, 14:10 (L:D)","maintained in a controlled environment at 25–26°C, 65–70% RH and at a 16:8 (L:D) h period for more than two generations prior to experimentation.",
Spanoudis_2019,Culex,yes,pipiens,molestus,Cmol,unambigious,1,NA,NA,Table 1,22.5,21.1,mean,NA,0.44,trait and SE value calculated by combining larva and pupal stage data,fish flakes,unclear,20-25ml per larva,>65%,16:8,lab,NA,over 25yr,"Benaki Phytopathological Institute, Kifissia, Greece. Maintained at 24–26°C, high relative humidity >80%, 14:10 (L:D)","maintained in a controlled environment at 25–26°C, 65–70% RH and at a 16:8 (L:D) h period for more than two generations prior to experimentation.",
Spanoudis_2019,Culex,yes,pipiens,molestus,Cmol,unambigious,1,NA,NA,Table 1,25,15,mean,NA,0.26,trait and SE value calculated by combining larva and pupal stage data,fish flakes,unclear,20-25ml per larva,>65%,16:8,lab,NA,over 25yr,"Benaki Phytopathological Institute, Kifissia, Greece. Maintained at 24–26°C, high relative humidity >80%, 14:10 (L:D)","maintained in a controlled environment at 25–26°C, 65–70% RH and at a 16:8 (L:D) h period for more than two generations prior to experimentation.",
Spanoudis_2019,Culex,yes,pipiens,molestus,Cmol,unambigious,1,NA,NA,Table 1,27.5,13.7,mean,NA,0.28,trait and SE value calculated by combining larva and pupal stage data,fish flakes,unclear,20-25ml per larva,>65%,16:8,lab,NA,over 25yr,"Benaki Phytopathological Institute, Kifissia, Greece. Maintained at 24–26°C, high relative humidity >80%, 14:10 (L:D)","maintained in a controlled environment at 25–26°C, 65–70% RH and at a 16:8 (L:D) h period for more than two generations prior to experimentation.",
Spanoudis_2019,Culex,yes,pipiens,molestus,Cmol,unambigious,1,NA,NA,Table 1,30,13,mean,NA,0.17,trait and SE value calculated by combining larva and pupal stage data,fish flakes,unclear,20-25ml per larva,>65%,16:8,lab,NA,over 25yr,"Benaki Phytopathological Institute, Kifissia, Greece. Maintained at 24–26°C, high relative humidity >80%, 14:10 (L:D)","maintained in a controlled environment at 25–26°C, 65–70% RH and at a 16:8 (L:D) h period for more than two generations prior to experimentation.",
Spanoudis_2019,Culex,yes,pipiens,molestus,Cmol,unambigious,1,NA,NA,Table 1,32.5,10,mean,NA,0.31,trait and SE value calculated by combining larva and pupal stage data,fish flakes,unclear,20-25ml per larva,>65%,16:8,lab,NA,over 25yr,"Benaki Phytopathological Institute, Kifissia, Greece. Maintained at 24–26°C, high relative humidity >80%, 14:10 (L:D)","maintained in a controlled environment at 25–26°C, 65–70% RH and at a 16:8 (L:D) h period for more than two generations prior to experimentation.",
Zayed_2019,Culex,yes,not specified,not specified,Cpip,cannot be resolved,2,NA,NA,Table 1,20,16.1,mean,0.29,NA,trait and SD value calculated by combining larva and pupal stage data,fish food,unclear,unclear,NA,NA,lab,NA,"unclear for resistant and susceptible, laboratory population 7 generations",The susceptible and resistant populations were brought from The American Naval Medical Research 3 (NAMRU3) insectary and laboratory population was collected from field (unknown location),"26-28°C, 12 h:12 h light/dark period, 70-80% relative humidity",
Zayed_2019,Culex,yes,not specified,not specified,Cpip,cannot be resolved,2,NA,NA,Table 1,25,11.13,mean,0.22,NA,trait and SD value calculated by combining larva and pupal stage data,fish food,unclear,unclear,NA,NA,lab,NA,"unclear for resistant and susceptible, laboratory population 7 generations",The susceptible and resistant populations were brought from The American Naval Medical Research 3 (NAMRU3) insectary and laboratory population was collected from field (unknown location),"26-28°C, 12 h:12 h light/dark period, 70-80% relative humidity",
Zayed_2019,Culex,yes,not specified,not specified,Cpip,cannot be resolved,2,NA,NA,Table 1,30,7.1,mean,0.23,NA,trait and SD value calculated by combining larva and pupal stage data,fish food,unclear,unclear,NA,NA,lab,NA,"unclear for resistant and susceptible, laboratory population 7 generations",The susceptible and resistant populations were brought from The American Naval Medical Research 3 (NAMRU3) insectary and laboratory population was collected from field (unknown location),"26-28°C, 12 h:12 h light/dark period, 70-80% relative humidity",
Kiarie_2015,Culex,yes,pipiens pallens,NA,Cpal,unambigious,3,Species,Cpal,Table 2+3,20,21.89,mean,2.21,NA,trait and SD value calculated by combining larva and pupal stage data,mixture of laboratory chow and brewer’s yeast at a ratio of 2:1,unclear,1 egg raft (100-150 eggs) per 1000ml,NA,12:12,lab,NA,several years,Kosin University Insectary,"27 ± 1 oC and 75 ± 5% RH, respectively and a 13:11 light and dark photoperiod.",
Kiarie_2015,Culex,yes,pipiens pallens,NA,Cpal,unambigious,3,Species,Cpal,Table 2+3,24,16.03,mean,0.92,NA,trait and SD value calculated by combining larva and pupal stage data,mixture of laboratory chow and brewer’s yeast at a ratio of 2:1,unclear,1 egg raft (100-150 eggs) per 1000ml,NA,12:12,lab,NA,several years,Kosin University Insectary,"27 ± 1 oC and 75 ± 5% RH, respectively and a 13:11 light and dark photoperiod.",
Kiarie_2015,Culex,yes,pipiens pallens,NA,Cpal,unambigious,3,Species,Cpal,Table 2+3,28,10.63,mean,0.87,NA,trait and SD value calculated by combining larva and pupal stage data,mixture of laboratory chow and brewer’s yeast at a ratio of 2:1,unclear,1 egg raft (100-150 eggs) per 1000ml,NA,12:12,lab,NA,several years,Kosin University Insectary,"27 ± 1 oC and 75 ± 5% RH, respectively and a 13:11 light and dark photoperiod.",
Kiarie_2015,Culex,yes,pipiens,molestus,Cmol,unambigious,4,Species,Cmol,Table 2+3,20,24.1,mean,0.72,NA,trait and SD value calculated by combining larva and pupal stage data,mixture of laboratory chow and brewer’s yeast at a ratio of 2:1,unclear,1 egg raft (100-150 eggs) per 1000ml,NA,12:12,lab,NA,several years,Kosin University Insectary,"27 ± 1 oC and 75 ± 5% RH, respectively and a 13:11 light and dark photoperiod.",
Kiarie_2015,Culex,yes,pipiens,molestus,Cmol,unambigious,4,Species,Cmol,Table 2+3,24,17.94,mean,0.68,NA,trait and SD value calculated by combining larva and pupal stage data,mixture of laboratory chow and brewer’s yeast at a ratio of 2:1,unclear,1 egg raft (100-150 eggs) per 1000ml,NA,12:12,lab,NA,several years,Kosin University Insectary,"27 ± 1 oC and 75 ± 5% RH, respectively and a 13:11 light and dark photoperiod.",
Kiarie_2015,Culex,yes,pipiens,molestus,Cmol,unambigious,4,Species,Cmol,Table 2+3,28,11.68,mean,0.78,NA,trait and SD value calculated by combining larva and pupal stage data,mixture of laboratory chow and brewer’s yeast at a ratio of 2:1,unclear,1 egg raft (100-150 eggs) per 1000ml,NA,12:12,lab,NA,several years,Kosin University Insectary,"27 ± 1 oC and 75 ± 5% RH, respectively and a 13:11 light and dark photoperiod.",
Mpho_2002_Heredity,Culex,yes,not specified,not specified,Cpip,likely pipiens pipiens since collected in UK aboveground,5,NA,NA,Text,25,18.24,mean,NA,0.42,had to guess whether it's SD or SE,fish food,unclear,140ml per 25 larvae,NA,NA,field,"garden water butt in Reading, Berkshire, England, June 1998",NA,NA,NA,
Mpho_2002_Heredity,Culex,yes,not specified,not specified,Cpip,likely pipiens pipiens since collected in UK aboveground,5,NA,NA,Text,30,15.86,mean,NA,0.46,had to guess whether it's SD or SE,fish food,unclear,140ml per 25 larvae,NA,NA,field,"garden water butt in Reading, Berkshire, England, June 1998",NA,NA,NA,
Mpho_2002_Heredity,Culex,yes,not specified,not specified,Cpip,likely pipiens pipiens since collected in UK aboveground,5,NA,NA,Text,37,14.98,mean,NA,0.42,had to guess whether it's SD or SE,fish food,unclear,140ml per 25 larvae,NA,NA,field,"garden water butt in Reading, Berkshire, England, June 1998",NA,NA,NA,
Ciota_2014,Culex,yes,pipiens ,not specified,Cpip,unambigious,6,population,lab,Figure 1,16,29.4,mean,NA,NA,SEM could not be reliably digitized from Figure,"1:1:1 ratio of ground koi food, ground rabbit pellets, and bovine liver powder","60 mg—first instar, 100 mg—second instar, 120 mg—third instar, and 160 mg—fourth instar, in 1L water",1 liter per 200 larvae,NA,16:8,lab,NA,several years,"originally collected in Pennsylvania in 2004, have been highly colonized at the Wadsworth Center Arbovirus laboratory",maintained in 30.5-cm3 cages in an environmental chamber at 27 ± 2°C with a relative humidity of 45–65% and a photoperiod of 16:8 (L:D) h,
Ciota_2014,Culex,yes,pipiens ,not specified,Cpip,unambigious,6,population,lab,Figure 1,20,15.1,mean,NA,NA,SEM could not be reliably digitized from Figure,"1:1:1 ratio of ground koi food, ground rabbit pellets, and bovine liver powder","60 mg—first instar, 100 mg—second instar, 120 mg—third instar, and 160 mg—fourth instar, in 1L water",1 liter per 200 larvae,NA,16:8,lab,NA,several years,"originally collected in Pennsylvania in 2004, have been highly colonized at the Wadsworth Center Arbovirus laboratory",maintained in 30.5-cm3 cages in an environmental chamber at 27 ± 2°C with a relative humidity of 45–65% and a photoperiod of 16:8 (L:D) h,
Ciota_2014,Culex,yes,pipiens ,not specified,Cpip,unambigious,6,population,lab,Figure 1,24,12.2,mean,NA,NA,SEM could not be reliably digitized from Figure,"1:1:1 ratio of ground koi food, ground rabbit pellets, and bovine liver powder","60 mg—first instar, 100 mg—second instar, 120 mg—third instar, and 160 mg—fourth instar, in 1L water",1 liter per 200 larvae,NA,16:8,lab,NA,several years,"originally collected in Pennsylvania in 2004, have been highly colonized at the Wadsworth Center Arbovirus laboratory",maintained in 30.5-cm3 cages in an environmental chamber at 27 ± 2°C with a relative humidity of 45–65% and a photoperiod of 16:8 (L:D) h,
Ciota_2014,Culex,yes,pipiens ,not specified,Cpip,unambigious,6,population,lab,Figure 1,28,9.1,mean,NA,NA,SEM could not be reliably digitized from Figure,"1:1:1 ratio of ground koi food, ground rabbit pellets, and bovine liver powder","60 mg—first instar, 100 mg—second instar, 120 mg—third instar, and 160 mg—fourth instar, in 1L water",1 liter per 200 larvae,NA,16:8,lab,NA,several years,"originally collected in Pennsylvania in 2004, have been highly colonized at the Wadsworth Center Arbovirus laboratory",maintained in 30.5-cm3 cages in an environmental chamber at 27 ± 2°C with a relative humidity of 45–65% and a photoperiod of 16:8 (L:D) h,
Ciota_2014,Culex,yes,pipiens ,not specified,Cpip,unambigious,6,population,lab,Figure 1,32,9.9,mean,NA,NA,SEM could not be reliably digitized from Figure,"1:1:1 ratio of ground koi food, ground rabbit pellets, and bovine liver powder","60 mg—first instar, 100 mg—second instar, 120 mg—third instar, and 160 mg—fourth instar, in 1L water",1 liter per 200 larvae,NA,16:8,lab,NA,several years,"originally collected in Pennsylvania in 2004, have been highly colonized at the Wadsworth Center Arbovirus laboratory",maintained in 30.5-cm3 cages in an environmental chamber at 27 ± 2°C with a relative humidity of 45–65% and a photoperiod of 16:8 (L:D) h,
Ciota_2014,Culex,yes,pipiens ,not specified,Cpip,unambigious,7,population,field,Figure 1,16,19.6,mean,NA,NA,SEM could not be reliably digitized from Figure,"1:1:1 ratio of ground koi food, ground rabbit pellets, and bovine liver powder","60 mg—first instar, 100 mg—second instar, 120 mg—third instar, and 160 mg—fourth instar, in 1L water",1 liter per 200 larvae,NA,16:8,field,"August, 2010 from Takoma Park, MD, near Washington, DC",NA,NA,"maintained at 25–27°C, with a photoperiod of 16:8 (L:D) h for a single generation",
Ciota_2014,Culex,yes,pipiens ,not specified,Cpip,unambigious,7,population,field,Figure 1,20,16.1,mean,NA,NA,SEM could not be reliably digitized from Figure,"1:1:1 ratio of ground koi food, ground rabbit pellets, and bovine liver powder","60 mg—first instar, 100 mg—second instar, 120 mg—third instar, and 160 mg—fourth instar, in 1L water",1 liter per 200 larvae,NA,16:8,field,"August, 2010 from Takoma Park, MD, near Washington, DC",NA,NA,"maintained at 25–27°C, with a photoperiod of 16:8 (L:D) h for a single generation",
Ciota_2014,Culex,yes,pipiens ,not specified,Cpip,unambigious,7,population,field,Figure 1,24,11.9,mean,NA,NA,SEM could not be reliably digitized from Figure,"1:1:1 ratio of ground koi food, ground rabbit pellets, and bovine liver powder","60 mg—first instar, 100 mg—second instar, 120 mg—third instar, and 160 mg—fourth instar, in 1L water",1 liter per 200 larvae,NA,16:8,field,"August, 2010 from Takoma Park, MD, near Washington, DC",NA,NA,"maintained at 25–27°C, with a photoperiod of 16:8 (L:D) h for a single generation",
Ciota_2014,Culex,yes,pipiens ,not specified,Cpip,unambigious,7,population,field,Figure 1,28,9.5,mean,NA,NA,SEM could not be reliably digitized from Figure,"1:1:1 ratio of ground koi food, ground rabbit pellets, and bovine liver powder","60 mg—first instar, 100 mg—second instar, 120 mg—third instar, and 160 mg—fourth instar, in 1L water",1 liter per 200 larvae,NA,16:8,field,"August, 2010 from Takoma Park, MD, near Washington, DC",NA,NA,"maintained at 25–27°C, with a photoperiod of 16:8 (L:D) h for a single generation",
Ciota_2014,Culex,yes,pipiens ,not specified,Cpip,unambigious,7,population,field,Figure 1,32,8.8,mean,NA,NA,SEM could not be reliably digitized from Figure,"1:1:1 ratio of ground koi food, ground rabbit pellets, and bovine liver powder","60 mg—first instar, 100 mg—second instar, 120 mg—third instar, and 160 mg—fourth instar, in 1L water",1 liter per 200 larvae,NA,16:8,field,"August, 2010 from Takoma Park, MD, near Washington, DC",NA,NA,"maintained at 25–27°C, with a photoperiod of 16:8 (L:D) h for a single generation",
Ciota_2014,Culex,yes,quinquefasciatus,NA,Cqui,unambigious,8,population,lab,Figure 1,16,25.2,mean,NA,NA,SEM could not be reliably digitized from Figure,"1:1:1 ratio of ground koi food, ground rabbit pellets, and bovine liver powder","60 mg—first instar, 100 mg—second instar, 120 mg—third instar, and 160 mg—fourth instar, in 1L water",1 liter per 200 larvae,NA,16:8,lab,NA,highly colonized,"derived from a laboratory colony provided by D. Fonseca (Rutgers University, New Brunswick, NJ) and initially derived from egg rafts from a highly colonized line from Benzon Research Inc. (Carlisle, PA)",maintained in 30.5-cm3 cages in an environmental chamber at 27 ± 2°C with a relative humidity of 45–65% and a photoperiod of 16:8 (L:D) h,
Ciota_2014,Culex,yes,quinquefasciatus,NA,Cqui,unambigious,8,population,lab,Figure 1,20,18.4,mean,NA,NA,SEM could not be reliably digitized from Figure,"1:1:1 ratio of ground koi food, ground rabbit pellets, and bovine liver powder","60 mg—first instar, 100 mg—second instar, 120 mg—third instar, and 160 mg—fourth instar, in 1L water",1 liter per 200 larvae,NA,16:8,lab,NA,highly colonized,"derived from a laboratory colony provided by D. Fonseca (Rutgers University, New Brunswick, NJ) and initially derived from egg rafts from a highly colonized line from Benzon Research Inc. (Carlisle, PA)",maintained in 30.5-cm3 cages in an environmental chamber at 27 ± 2°C with a relative humidity of 45–65% and a photoperiod of 16:8 (L:D) h,
Ciota_2014,Culex,yes,quinquefasciatus,NA,Cqui,unambigious,8,population,lab,Figure 1,24,11.9,mean,NA,NA,SEM could not be reliably digitized from Figure,"1:1:1 ratio of ground koi food, ground rabbit pellets, and bovine liver powder","60 mg—first instar, 100 mg—second instar, 120 mg—third instar, and 160 mg—fourth instar, in 1L water",1 liter per 200 larvae,NA,16:8,lab,NA,highly colonized,"derived from a laboratory colony provided by D. Fonseca (Rutgers University, New Brunswick, NJ) and initially derived from egg rafts from a highly colonized line from Benzon Research Inc. (Carlisle, PA)",maintained in 30.5-cm3 cages in an environmental chamber at 27 ± 2°C with a relative humidity of 45–65% and a photoperiod of 16:8 (L:D) h,
Ciota_2014,Culex,yes,quinquefasciatus,NA,Cqui,unambigious,8,population,lab,Figure 1,28,10.7,mean,NA,NA,SEM could not be reliably digitized from Figure,"1:1:1 ratio of ground koi food, ground rabbit pellets, and bovine liver powder","60 mg—first instar, 100 mg—second instar, 120 mg—third instar, and 160 mg—fourth instar, in 1L water",1 liter per 200 larvae,NA,16:8,lab,NA,highly colonized,"derived from a laboratory colony provided by D. Fonseca (Rutgers University, New Brunswick, NJ) and initially derived from egg rafts from a highly colonized line from Benzon Research Inc. (Carlisle, PA)",maintained in 30.5-cm3 cages in an environmental chamber at 27 ± 2°C with a relative humidity of 45–65% and a photoperiod of 16:8 (L:D) h,
Ciota_2014,Culex,yes,quinquefasciatus,NA,Cqui,unambigious,8,population,lab,Figure 1,32,9.3,mean,NA,NA,SEM could not be reliably digitized from Figure,"1:1:1 ratio of ground koi food, ground rabbit pellets, and bovine liver powder","60 mg—first instar, 100 mg—second instar, 120 mg—third instar, and 160 mg—fourth instar, in 1L water",1 liter per 200 larvae,NA,16:8,lab,NA,highly colonized,"derived from a laboratory colony provided by D. Fonseca (Rutgers University, New Brunswick, NJ) and initially derived from egg rafts from a highly colonized line from Benzon Research Inc. (Carlisle, PA)",maintained in 30.5-cm3 cages in an environmental chamber at 27 ± 2°C with a relative humidity of 45–65% and a photoperiod of 16:8 (L:D) h,
Ciota_2014,Culex,yes,quinquefasciatus,NA,Cqui,unambigious,9,population,field,Figure 1,16,24.8,mean,NA,NA,SEM could not be reliably digitized from Figure,"1:1:1 ratio of ground koi food, ground rabbit pellets, and bovine liver powder","60 mg—first instar, 100 mg—second instar, 120 mg—third instar, and 160 mg—fourth instar, in 1L water",1 liter per 200 larvae,NA,16:8,field,"Orange County, CA",NA,NA,unclear,
Ciota_2014,Culex,yes,quinquefasciatus,NA,Cqui,unambigious,9,population,field,Figure 1,20,15.6,mean,NA,NA,SEM could not be reliably digitized from Figure,"1:1:1 ratio of ground koi food, ground rabbit pellets, and bovine liver powder","60 mg—first instar, 100 mg—second instar, 120 mg—third instar, and 160 mg—fourth instar, in 1L water",1 liter per 200 larvae,NA,16:8,field,"Orange County, CA",NA,NA,unclear,
Ciota_2014,Culex,yes,quinquefasciatus,NA,Cqui,unambigious,9,population,field,Figure 1,24,11.3,mean,NA,NA,SEM could not be reliably digitized from Figure,"1:1:1 ratio of ground koi food, ground rabbit pellets, and bovine liver powder","60 mg—first instar, 100 mg—second instar, 120 mg—third instar, and 160 mg—fourth instar, in 1L water",1 liter per 200 larvae,NA,16:8,field,"Orange County, CA",NA,NA,unclear,
Ciota_2014,Culex,yes,quinquefasciatus,NA,Cqui,unambigious,9,population,field,Figure 1,28,9.7,mean,NA,NA,SEM could not be reliably digitized from Figure,"1:1:1 ratio of ground koi food, ground rabbit pellets, and bovine liver powder","60 mg—first instar, 100 mg—second instar, 120 mg—third instar, and 160 mg—fourth instar, in 1L water",1 liter per 200 larvae,NA,16:8,field,"Orange County, CA",NA,NA,unclear,
Ciota_2014,Culex,yes,quinquefasciatus,NA,Cqui,unambigious,9,population,field,Figure 1,32,9.5,mean,NA,NA,SEM could not be reliably digitized from Figure,"1:1:1 ratio of ground koi food, ground rabbit pellets, and bovine liver powder","60 mg—first instar, 100 mg—second instar, 120 mg—third instar, and 160 mg—fourth instar, in 1L water",1 liter per 200 larvae,NA,16:8,field,"Orange County, CA",NA,NA,unclear,
Ciota_2014,Culex,no,restuans,NA,Cres,unambigious,10,population,field ,Figure 1,16,18.2,mean,NA,NA,SEM could not be reliably digitized from Figure,"1:1:1 ratio of ground koi food, ground rabbit pellets, and bovine liver powder","60 mg—first instar, 100 mg—second instar, 120 mg—third instar, and 160 mg—fourth instar, in 1L water",1 liter per 200 larvae,NA,16:8,field,"August, 2010 from Takoma Park, MD, near Washington, DC",NA,NA,"maintained at 25–27°C, with a photoperiod of 16:8 (L:D) h for a single generation",
Ciota_2014,Culex,no,restuans,NA,Cres,unambigious,10,population,field ,Figure 1,20,13.9,mean,NA,NA,SEM could not be reliably digitized from Figure,"1:1:1 ratio of ground koi food, ground rabbit pellets, and bovine liver powder","60 mg—first instar, 100 mg—second instar, 120 mg—third instar, and 160 mg—fourth instar, in 1L water",1 liter per 200 larvae,NA,16:8,field,"August, 2010 from Takoma Park, MD, near Washington, DC",NA,NA,"maintained at 25–27°C, with a photoperiod of 16:8 (L:D) h for a single generation",
Ciota_2014,Culex,no,restuans,NA,Cres,unambigious,10,population,field ,Figure 1,24,10.8,mean,NA,NA,SEM could not be reliably digitized from Figure,"1:1:1 ratio of ground koi food, ground rabbit pellets, and bovine liver powder","60 mg—first instar, 100 mg—second instar, 120 mg—third instar, and 160 mg—fourth instar, in 1L water",1 liter per 200 larvae,NA,16:8,field,"August, 2010 from Takoma Park, MD, near Washington, DC",NA,NA,"maintained at 25–27°C, with a photoperiod of 16:8 (L:D) h for a single generation",
Ciota_2014,Culex,no,restuans,NA,Cres,unambigious,10,population,field ,Figure 1,28,9.6,mean,NA,NA,SEM could not be reliably digitized from Figure,"1:1:1 ratio of ground koi food, ground rabbit pellets, and bovine liver powder","60 mg—first instar, 100 mg—second instar, 120 mg—third instar, and 160 mg—fourth instar, in 1L water",1 liter per 200 larvae,NA,16:8,field,"August, 2010 from Takoma Park, MD, near Washington, DC",NA,NA,"maintained at 25–27°C, with a photoperiod of 16:8 (L:D) h for a single generation",
Ciota_2014,Culex,no,restuans,NA,Cres,unambigious,10,population,field ,Figure 1,32,9.4,mean,NA,NA,SEM could not be reliably digitized from Figure,"1:1:1 ratio of ground koi food, ground rabbit pellets, and bovine liver powder","60 mg—first instar, 100 mg—second instar, 120 mg—third instar, and 160 mg—fourth instar, in 1L water",1 liter per 200 larvae,NA,16:8,field,"August, 2010 from Takoma Park, MD, near Washington, DC",NA,NA,"maintained at 25–27°C, with a photoperiod of 16:8 (L:D) h for a single generation",
Rueda_1990,Culex,yes,quinquefasciatus,NA,Cqui,unambigious,11,NA,NA,Table 1,15,31.35,mean,NA,0.46,,liver solution,"3ml liver solution (0.26 mg liver powder Iml deionized water).Every second day, first and second instars were provided with 30 \muL of liver solution per well, and third and fourth instars were given 50 \muL",7ml per larva,NA,constantly illuminated. No difference observed to 14:10,lab,NA,less than 2 years,"stock parents originated from Raleigh, N.C.",27°C?,
Rueda_1990,Culex,yes,quinquefasciatus,NA,Cqui,unambigious,11,NA,NA,Table 1,20,12.07,mean,NA,0.14,,liver solution,"3ml liver solution (0.26 mg liver powder Iml deionized water).Every second day, first and second instars were provided with 30 \muL of liver solution per well, and third and fourth instars were given 50 \muL",7ml per larva,NA,constantly illuminated. No difference observed to 14:10,lab,NA,less than 2 years,"stock parents originated from Raleigh, N.C.",27°C?,
Rueda_1990,Culex,yes,quinquefasciatus,NA,Cqui,unambigious,11,NA,NA,Table 1,25,10.52,mean,NA,0.12,,liver solution,"3ml liver solution (0.26 mg liver powder Iml deionized water).Every second day, first and second instars were provided with 30 \muL of liver solution per well, and third and fourth instars were given 50 \muL",7ml per larva,NA,constantly illuminated. No difference observed to 14:10,lab,NA,less than 2 years,"stock parents originated from Raleigh, N.C.",27°C?,
Rueda_1990,Culex,yes,quinquefasciatus,NA,Cqui,unambigious,11,NA,NA,Table 1,27,7.07,mean,NA,0.05,,liver solution,"3ml liver solution (0.26 mg liver powder Iml deionized water).Every second day, first and second instars were provided with 30 \muL of liver solution per well, and third and fourth instars were given 50 \muL",7ml per larva,NA,constantly illuminated. No difference observed to 14:10,lab,NA,less than 2 years,"stock parents originated from Raleigh, N.C.",27°C?,
Rueda_1990,Culex,yes,quinquefasciatus,NA,Cqui,unambigious,11,NA,NA,Table 1,30,7.21,mean,NA,0.06,,liver solution,"3ml liver solution (0.26 mg liver powder Iml deionized water).Every second day, first and second instars were provided with 30 \muL of liver solution per well, and third and fourth instars were given 50 \muL",7ml per larva,NA,constantly illuminated. No difference observed to 14:10,lab,NA,less than 2 years,"stock parents originated from Raleigh, N.C.",27°C?,
Rueda_1990,Culex,yes,quinquefasciatus,NA,Cqui,unambigious,11,NA,NA,Table 1,34,7.08,mean,NA,0.06,,liver solution,"3ml liver solution (0.26 mg liver powder Iml deionized water).Every second day, first and second instars were provided with 30 \muL of liver solution per well, and third and fourth instars were given 50 \muL",7ml per larva,NA,constantly illuminated. No difference observed to 14:10,lab,NA,less than 2 years,"stock parents originated from Raleigh, N.C.",27°C?,
Reisen_1995,Culex,no,tarsalis ,NA,Ctar,unambigious,12,population,Coachella Valley,Table 1,15,30.4,median,NA,NA,Average of male and female data,finely ground laboratory rat chow ,unclear,2 liter per 500 larvae,NA,14:10,field,"near the north shore of the Salton Sea near Mecca (33° 34' N, 116° 4' W), Riverside County, in the southern Coachella Valley in 1991",NA,NA,"Field-collected females were blood fed on a chick, held for 5 d under inseetary conditions (22°C, and a photoperiod of 14: 10 [L:D] h), and allowed to oviposit en masse. F1 progeny of these females were used for the experiments.",
Reisen_1995,Culex,no,tarsalis ,NA,Ctar,unambigious,12,population,Coachella Valley,Table 1,20,23,median,NA,NA,Average of male and female data,finely ground laboratory rat chow ,unclear,2 liter per 500 larvae,NA,14:10,field,"near the north shore of the Salton Sea near Mecca (33° 34' N, 116° 4' W), Riverside County, in the southern Coachella Valley in 1991",NA,NA,"Field-collected females were blood fed on a chick, held for 5 d under inseetary conditions (22°C, and a photoperiod of 14: 10 [L:D] h), and allowed to oviposit en masse. F1 progeny of these females were used for the experiments.",
Reisen_1995,Culex,no,tarsalis ,NA,Ctar,unambigious,12,population,Coachella Valley,Table 1,25,15.1,median,NA,NA,Average of male and female data,finely ground laboratory rat chow ,unclear,2 liter per 500 larvae,NA,14:10,field,"near the north shore of the Salton Sea near Mecca (33° 34' N, 116° 4' W), Riverside County, in the southern Coachella Valley in 1991",NA,NA,"Field-collected females were blood fed on a chick, held for 5 d under inseetary conditions (22°C, and a photoperiod of 14: 10 [L:D] h), and allowed to oviposit en masse. F1 progeny of these females were used for the experiments.",
Reisen_1995,Culex,no,tarsalis ,NA,Ctar,unambigious,12,population,Coachella Valley,Table 1,30,12.25,median,NA,NA,Average of male and female data,finely ground laboratory rat chow ,unclear,2 liter per 500 larvae,NA,14:10,field,"near the north shore of the Salton Sea near Mecca (33° 34' N, 116° 4' W), Riverside County, in the southern Coachella Valley in 1991",NA,NA,"Field-collected females were blood fed on a chick, held for 5 d under inseetary conditions (22°C, and a photoperiod of 14: 10 [L:D] h), and allowed to oviposit en masse. F1 progeny of these females were used for the experiments.",
Reisen_1995,Culex,no,tarsalis ,NA,Ctar,unambigious,12,population,Coachella Valley,Table 1,35,11.1,median,NA,NA,Average of male and female data,finely ground laboratory rat chow ,unclear,2 liter per 500 larvae,NA,14:10,field,"near the north shore of the Salton Sea near Mecca (33° 34' N, 116° 4' W), Riverside County, in the southern Coachella Valley in 1991",NA,NA,"Field-collected females were blood fed on a chick, held for 5 d under inseetary conditions (22°C, and a photoperiod of 14: 10 [L:D] h), and allowed to oviposit en masse. F1 progeny of these females were used for the experiments.",
Reisen_1995,Culex,no,tarsalis ,NA,Ctar,unambigious,13,population,San Joaquin Valley,Table 1,15,33.9,median,NA,NA,Average of male and female data,finely ground laboratory rat chow ,unclear,2 liter per 500 larvae,NA,14:10,field,"collected by dry ice-baited traps operated along the Kern River drainage near Bakersfield (35° 25' N, 119° 3' W), Kern County, in the southern San Joaquin Valley (designated SJV) in 1991",NA,NA,"Field-collected females were blood fed on a chick, held for 5 d under inseetary conditions (22°C, and a photoperiod of 14: 10 [L:D] h), and allowed to oviposit en masse. F1 progeny of these females were used for the experiments.",
Reisen_1995,Culex,no,tarsalis ,NA,Ctar,unambigious,13,population,San Joaquin Valley,Table 1,20,25.7,median,NA,NA,Average of male and female data,finely ground laboratory rat chow ,unclear,2 liter per 500 larvae,NA,14:10,field,"collected by dry ice-baited traps operated along the Kern River drainage near Bakersfield (35° 25' N, 119° 3' W), Kern County, in the southern San Joaquin Valley (designated SJV) in 1991",NA,NA,"Field-collected females were blood fed on a chick, held for 5 d under inseetary conditions (22°C, and a photoperiod of 14: 10 [L:D] h), and allowed to oviposit en masse. F1 progeny of these females were used for the experiments.",
Reisen_1995,Culex,no,tarsalis ,NA,Ctar,unambigious,13,population,San Joaquin Valley,Table 1,25,18.45,median,NA,NA,Average of male and female data,finely ground laboratory rat chow ,unclear,2 liter per 500 larvae,NA,14:10,field,"collected by dry ice-baited traps operated along the Kern River drainage near Bakersfield (35° 25' N, 119° 3' W), Kern County, in the southern San Joaquin Valley (designated SJV) in 1991",NA,NA,"Field-collected females were blood fed on a chick, held for 5 d under inseetary conditions (22°C, and a photoperiod of 14: 10 [L:D] h), and allowed to oviposit en masse. F1 progeny of these females were used for the experiments.",
Reisen_1995,Culex,no,tarsalis ,NA,Ctar,unambigious,13,population,San Joaquin Valley,Table 1,30,11.9,median,NA,NA,Average of male and female data,finely ground laboratory rat chow ,unclear,2 liter per 500 larvae,NA,14:10,field,"collected by dry ice-baited traps operated along the Kern River drainage near Bakersfield (35° 25' N, 119° 3' W), Kern County, in the southern San Joaquin Valley (designated SJV) in 1991",NA,NA,"Field-collected females were blood fed on a chick, held for 5 d under inseetary conditions (22°C, and a photoperiod of 14: 10 [L:D] h), and allowed to oviposit en masse. F1 progeny of these females were used for the experiments.",
Reisen_1995,Culex,no,tarsalis ,NA,Ctar,unambigious,13,population,San Joaquin Valley,Table 1,35,11.9,median,NA,NA,Average of male and female data,finely ground laboratory rat chow ,unclear,2 liter per 500 larvae,NA,14:10,field,"collected by dry ice-baited traps operated along the Kern River drainage near Bakersfield (35° 25' N, 119° 3' W), Kern County, in the southern San Joaquin Valley (designated SJV) in 1991",NA,NA,"Field-collected females were blood fed on a chick, held for 5 d under inseetary conditions (22°C, and a photoperiod of 14: 10 [L:D] h), and allowed to oviposit en masse. F1 progeny of these females were used for the experiments.",
Loetti_2011,Culex,yes,unclear,unclear,Cpip,likely a mix of Cpip and Cqui based on description of authors,14,NA,NA,Table 2,10,39.8,mean,1.9,NA,Sample size 24,mixture of dry brewer’s yeast (Levex®) and finely triturated dog food (Purina Dog Chow®)(3:1 by weight),0.3mg/larva for first and second instars and 0.7 mg/larva for third and fourth instars,28ml per larva,NA,14:10,field,"Egg rafts were obtained from natural populations in Buenos Aires City (34◦35’ S, 58◦29’ W)",NA,NA,They were maintained until eclosion into individual plastic containers with dechlorinated tap water. Experiments were run on larvae hatching from these eggs.,It seems to be that the specimens used in this experiment could be a mix of Cx. Pip. and Cx. Quin 
Loetti_2011,Culex,yes,unclear,unclear,Cpip,likely a mix of Cpip and Cqui based on description of authors,14,NA,NA,Table 2,15,21.6,mean,1.6,NA,Sample size 19,mixture of dry brewer’s yeast (Levex®) and finely triturated dog food (Purina Dog Chow®)(3:1 by weight),0.3mg/larva for first and second instars and 0.7 mg/larva for third and fourth instars,28ml per larva,NA,14:10,field,"Egg rafts were obtained from natural populations in Buenos Aires City (34◦35’ S, 58◦29’ W)",NA,NA,They were maintained until eclosion into individual plastic containers with dechlorinated tap water. Experiments were run on larvae hatching from these eggs.,It seems to be that the specimens used in this experiment could be a mix of Cx. Pip. and Cx. Quin 
Loetti_2011,Culex,yes,unclear,unclear,Cpip,likely a mix of Cpip and Cqui based on description of authors,14,NA,NA,Table 2,20,13.3,mean,2,NA,Sample size 78,mixture of dry brewer’s yeast (Levex®) and finely triturated dog food (Purina Dog Chow®)(3:1 by weight),0.3mg/larva for first and second instars and 0.7 mg/larva for third and fourth instars,28ml per larva,NA,14:10,field,"Egg rafts were obtained from natural populations in Buenos Aires City (34◦35’ S, 58◦29’ W)",NA,NA,They were maintained until eclosion into individual plastic containers with dechlorinated tap water. Experiments were run on larvae hatching from these eggs.,It seems to be that the specimens used in this experiment could be a mix of Cx. Pip. and Cx. Quin 
Loetti_2011,Culex,yes,unclear,unclear,Cpip,likely a mix of Cpip and Cqui based on description of authors,14,NA,NA,Table 2,25,10.2,mean,1.9,NA,Sample size 110,mixture of dry brewer’s yeast (Levex®) and finely triturated dog food (Purina Dog Chow®)(3:1 by weight),0.3mg/larva for first and second instars and 0.7 mg/larva for third and fourth instars,28ml per larva,NA,14:10,field,"Egg rafts were obtained from natural populations in Buenos Aires City (34◦35’ S, 58◦29’ W)",NA,NA,They were maintained until eclosion into individual plastic containers with dechlorinated tap water. Experiments were run on larvae hatching from these eggs.,It seems to be that the specimens used in this experiment could be a mix of Cx. Pip. and Cx. Quin 
Loetti_2011,Culex,yes,unclear,unclear,Cpip,likely a mix of Cpip and Cqui based on description of authors,14,NA,NA,Table 2,30,8,mean,1,NA,Sample size 69,mixture of dry brewer’s yeast (Levex®) and finely triturated dog food (Purina Dog Chow®)(3:1 by weight),0.3mg/larva for first and second instars and 0.7 mg/larva for third and fourth instars,28ml per larva,NA,14:10,field,"Egg rafts were obtained from natural populations in Buenos Aires City (34◦35’ S, 58◦29’ W)",NA,NA,They were maintained until eclosion into individual plastic containers with dechlorinated tap water. Experiments were run on larvae hatching from these eggs.,It seems to be that the specimens used in this experiment could be a mix of Cx. Pip. and Cx. Quin 
Loetti_2011,Culex,yes,unclear,unclear,Cpip,likely a mix of Cpip and Cqui based on description of authors,14,NA,NA,Table 2,33,11.5,mean,NA,NA,Sample size 2,mixture of dry brewer’s yeast (Levex®) and finely triturated dog food (Purina Dog Chow®)(3:1 by weight),0.3mg/larva for first and second instars and 0.7 mg/larva for third and fourth instars,28ml per larva,NA,14:10,field,"Egg rafts were obtained from natural populations in Buenos Aires City (34◦35’ S, 58◦29’ W)",NA,NA,They were maintained until eclosion into individual plastic containers with dechlorinated tap water. Experiments were run on larvae hatching from these eggs.,It seems to be that the specimens used in this experiment could be a mix of Cx. Pip. and Cx. Quin 
Ruybal_2016,Culex,yes,pipiens ,not specified,Cpip,classified as Cpip by authors although quinquefasciatus interogression cannot be ruled out,15,population,Low elevation,Figure 2,16,20.5,not specified but likely mean,NA,NA,The data is female development time. 95% CI could be extracted from Figure.,"finely ground 1:1:1 mixture of MP® Liver Powder Bovine, Kaytee Koi’s Choice® Premium Fish Food, & Small World® alfalfa rabbit feed",unclear,1 liter per 200 larvae,70+-10%,16:8,field,"Egg rafts collected at low elevation site in Maryland between July 25 and July 28, 2011",NA,NA,All field collected eggs were hatched at 25 °C (±2 °C) under a photoperiod of 14:10 hrs (L:D). Larvae were reared at 25 °C. Adults were held at 25 °C. This first laboratory raised generation of offspring was used for experiments.,the study mentions that for the populations used in these experiment genetic interogression by Cx. quin cannot be ruled out. Mosquitoes were only identified to the complex!
Ruybal_2016,Culex,yes,pipiens ,not specified,Cpip,classified as Cpip by authors although quinquefasciatus interogression cannot be ruled out,15,population,Low elevation,Figure 2,20,13.1,not specified but likely mean,NA,NA,The data is female development time. 95% CI could be extracted from Figure.,"finely ground 1:1:1 mixture of MP® Liver Powder Bovine, Kaytee Koi’s Choice® Premium Fish Food, & Small World® alfalfa rabbit feed",unclear,1 liter per 200 larvae,70+-10%,16:8,field,"Egg rafts collected at low elevation site in Maryland between July 25 and July 28, 2011",NA,NA,All field collected eggs were hatched at 25 °C (±2 °C) under a photoperiod of 14:10 hrs (L:D). Larvae were reared at 25 °C. Adults were held at 25 °C. This first laboratory raised generation of offspring was used for experiments.,the study mentions that for the populations used in these experiment genetic interogression by Cx. quin cannot be ruled out. Mosquitoes were only identified to the complex!
Ruybal_2016,Culex,yes,pipiens ,not specified,Cpip,classified as Cpip by authors although quinquefasciatus interogression cannot be ruled out,15,population,Low elevation,Figure 2,24,9.9,not specified but likely mean,NA,NA,The data is female development time. 95% CI could be extracted from Figure.,"finely ground 1:1:1 mixture of MP® Liver Powder Bovine, Kaytee Koi’s Choice® Premium Fish Food, & Small World® alfalfa rabbit feed",unclear,1 liter per 200 larvae,70+-10%,16:8,field,"Egg rafts collected at low elevation site in Maryland between July 25 and July 28, 2011",NA,NA,All field collected eggs were hatched at 25 °C (±2 °C) under a photoperiod of 14:10 hrs (L:D). Larvae were reared at 25 °C. Adults were held at 25 °C. This first laboratory raised generation of offspring was used for experiments.,the study mentions that for the populations used in these experiment genetic interogression by Cx. quin cannot be ruled out. Mosquitoes were only identified to the complex!
Ruybal_2016,Culex,yes,pipiens ,not specified,Cpip,classified as Cpip by authors although quinquefasciatus interogression cannot be ruled out,15,population,Low elevation,Figure 2,27,8.9,not specified but likely mean,NA,NA,The data is female development time. 95% CI could be extracted from Figure.,"finely ground 1:1:1 mixture of MP® Liver Powder Bovine, Kaytee Koi’s Choice® Premium Fish Food, & Small World® alfalfa rabbit feed",unclear,1 liter per 200 larvae,70+-10%,16:8,field,"Egg rafts collected at low elevation site in Maryland between July 25 and July 28, 2011",NA,NA,All field collected eggs were hatched at 25 °C (±2 °C) under a photoperiod of 14:10 hrs (L:D). Larvae were reared at 25 °C. Adults were held at 25 °C. This first laboratory raised generation of offspring was used for experiments.,the study mentions that for the populations used in these experiment genetic interogression by Cx. quin cannot be ruled out. Mosquitoes were only identified to the complex!
Ruybal_2016,Culex,yes,pipiens ,not specified,Cpip,classified as Cpip by authors although quinquefasciatus interogression cannot be ruled out,15,population,Low elevation,Figure 2,31,8.3,not specified but likely mean,NA,NA,The data is female development time. 95% CI could be extracted from Figure.,"finely ground 1:1:1 mixture of MP® Liver Powder Bovine, Kaytee Koi’s Choice® Premium Fish Food, & Small World® alfalfa rabbit feed",unclear,1 liter per 200 larvae,70+-10%,16:8,field,"Egg rafts collected at low elevation site in Maryland between July 25 and July 28, 2011",NA,NA,All field collected eggs were hatched at 25 °C (±2 °C) under a photoperiod of 14:10 hrs (L:D). Larvae were reared at 25 °C. Adults were held at 25 °C. This first laboratory raised generation of offspring was used for experiments.,the study mentions that for the populations used in these experiment genetic interogression by Cx. quin cannot be ruled out. Mosquitoes were only identified to the complex!
Ruybal_2016,Culex,yes,pipiens ,not specified,Cpip,classified as Cpip by authors although quinquefasciatus interogression cannot be ruled out,16,population,Mid latitude,Figure 2,16,22.5,not specified but likely mean,NA,NA,The data is female development time. 95% CI could be extracted from Figure.,"finely ground 1:1:1 mixture of MP® Liver Powder Bovine, Kaytee Koi’s Choice® Premium Fish Food, & Small World® alfalfa rabbit feed",unclear,1 liter per 200 larvae,70+-10%,16:8,field,"Egg rafts collected at mid latitude site in New Jersey between July 25 and July 28, 2011",NA,NA,All field collected eggs were hatched at 25 °C (±2 °C) under a photoperiod of 14:10 hrs (L:D). Larvae were reared at 25 °C. Adults were held at 25 °C. This first laboratory raised generation of offspring was used for experiments.,the study mentions that for the populations used in these experiment genetic interogression by Cx. quin cannot be ruled out. Mosquitoes were only identified to the complex!
Ruybal_2016,Culex,yes,pipiens ,not specified,Cpip,classified as Cpip by authors although quinquefasciatus interogression cannot be ruled out,16,population,Mid latitude,Figure 2,20,14.1,not specified but likely mean,NA,NA,The data is female development time. 95% CI could be extracted from Figure.,"finely ground 1:1:1 mixture of MP® Liver Powder Bovine, Kaytee Koi’s Choice® Premium Fish Food, & Small World® alfalfa rabbit feed",unclear,1 liter per 200 larvae,70+-10%,16:8,field,"Egg rafts collected at mid latitude site in New Jersey between July 25 and July 28, 2011",NA,NA,All field collected eggs were hatched at 25 °C (±2 °C) under a photoperiod of 14:10 hrs (L:D). Larvae were reared at 25 °C. Adults were held at 25 °C. This first laboratory raised generation of offspring was used for experiments.,the study mentions that for the populations used in these experiment genetic interogression by Cx. quin cannot be ruled out. Mosquitoes were only identified to the complex!
Ruybal_2016,Culex,yes,pipiens ,not specified,Cpip,classified as Cpip by authors although quinquefasciatus interogression cannot be ruled out,16,population,Mid latitude,Figure 2,24,11,not specified but likely mean,NA,NA,The data is female development time. 95% CI could be extracted from Figure.,"finely ground 1:1:1 mixture of MP® Liver Powder Bovine, Kaytee Koi’s Choice® Premium Fish Food, & Small World® alfalfa rabbit feed",unclear,1 liter per 200 larvae,70+-10%,16:8,field,"Egg rafts collected at mid latitude site in New Jersey between July 25 and July 28, 2011",NA,NA,All field collected eggs were hatched at 25 °C (±2 °C) under a photoperiod of 14:10 hrs (L:D). Larvae were reared at 25 °C. Adults were held at 25 °C. This first laboratory raised generation of offspring was used for experiments.,the study mentions that for the populations used in these experiment genetic interogression by Cx. quin cannot be ruled out. Mosquitoes were only identified to the complex!
Ruybal_2016,Culex,yes,pipiens ,not specified,Cpip,classified as Cpip by authors although quinquefasciatus interogression cannot be ruled out,16,population,Mid latitude,Figure 2,27,10.7,not specified but likely mean,NA,NA,The data is female development time. 95% CI could be extracted from Figure.,"finely ground 1:1:1 mixture of MP® Liver Powder Bovine, Kaytee Koi’s Choice® Premium Fish Food, & Small World® alfalfa rabbit feed",unclear,1 liter per 200 larvae,70+-10%,16:8,field,"Egg rafts collected at mid latitude site in New Jersey between July 25 and July 28, 2011",NA,NA,All field collected eggs were hatched at 25 °C (±2 °C) under a photoperiod of 14:10 hrs (L:D). Larvae were reared at 25 °C. Adults were held at 25 °C. This first laboratory raised generation of offspring was used for experiments.,the study mentions that for the populations used in these experiment genetic interogression by Cx. quin cannot be ruled out. Mosquitoes were only identified to the complex!
Ruybal_2016,Culex,yes,pipiens ,not specified,Cpip,classified as Cpip by authors although quinquefasciatus interogression cannot be ruled out,16,population,Mid latitude,Figure 2,31,9.5,not specified but likely mean,NA,NA,The data is female development time. 95% CI could be extracted from Figure.,"finely ground 1:1:1 mixture of MP® Liver Powder Bovine, Kaytee Koi’s Choice® Premium Fish Food, & Small World® alfalfa rabbit feed",unclear,1 liter per 200 larvae,70+-10%,16:8,field,"Egg rafts collected at mid latitude site in New Jersey between July 25 and July 28, 2011",NA,NA,All field collected eggs were hatched at 25 °C (±2 °C) under a photoperiod of 14:10 hrs (L:D). Larvae were reared at 25 °C. Adults were held at 25 °C. This first laboratory raised generation of offspring was used for experiments.,the study mentions that for the populations used in these experiment genetic interogression by Cx. quin cannot be ruled out. Mosquitoes were only identified to the complex!
Ruybal_2016,Culex,yes,pipiens ,not specified,Cpip,classified as Cpip by authors although quinquefasciatus interogression cannot be ruled out,17,population,Mid elevation,Figure 2,16,21.4,not specified but likely mean,NA,NA,The data is female development time. 95% CI could be extracted from Figure.,"finely ground 1:1:1 mixture of MP® Liver Powder Bovine, Kaytee Koi’s Choice® Premium Fish Food, & Small World® alfalfa rabbit feed",unclear,1 liter per 200 larvae,70+-10%,16:8,field,"Egg rafts collected at mid elevation site in Virginia between July 25 and July 28, 2011",NA,NA,All field collected eggs were hatched at 25 °C (±2 °C) under a photoperiod of 14:10 hrs (L:D). Larvae were reared at 25 °C. Adults were held at 25 °C. This first laboratory raised generation of offspring was used for experiments.,the study mentions that for the populations used in these experiment genetic interogression by Cx. quin cannot be ruled out. Mosquitoes were only identified to the complex!
Ruybal_2016,Culex,yes,pipiens ,not specified,Cpip,classified as Cpip by authors although quinquefasciatus interogression cannot be ruled out,17,population,Mid elevation,Figure 2,20,13.6,not specified but likely mean,NA,NA,The data is female development time. 95% CI could be extracted from Figure.,"finely ground 1:1:1 mixture of MP® Liver Powder Bovine, Kaytee Koi’s Choice® Premium Fish Food, & Small World® alfalfa rabbit feed",unclear,1 liter per 200 larvae,70+-10%,16:8,field,"Egg rafts collected at mid elevation site in Virginia between July 25 and July 28, 2011",NA,NA,All field collected eggs were hatched at 25 °C (±2 °C) under a photoperiod of 14:10 hrs (L:D). Larvae were reared at 25 °C. Adults were held at 25 °C. This first laboratory raised generation of offspring was used for experiments.,the study mentions that for the populations used in these experiment genetic interogression by Cx. quin cannot be ruled out. Mosquitoes were only identified to the complex!
Ruybal_2016,Culex,yes,pipiens ,not specified,Cpip,classified as Cpip by authors although quinquefasciatus interogression cannot be ruled out,17,population,Mid elevation,Figure 2,24,10.2,not specified but likely mean,NA,NA,The data is female development time. 95% CI could be extracted from Figure.,"finely ground 1:1:1 mixture of MP® Liver Powder Bovine, Kaytee Koi’s Choice® Premium Fish Food, & Small World® alfalfa rabbit feed",unclear,1 liter per 200 larvae,70+-10%,16:8,field,"Egg rafts collected at mid elevation site in Virginia between July 25 and July 28, 2011",NA,NA,All field collected eggs were hatched at 25 °C (±2 °C) under a photoperiod of 14:10 hrs (L:D). Larvae were reared at 25 °C. Adults were held at 25 °C. This first laboratory raised generation of offspring was used for experiments.,the study mentions that for the populations used in these experiment genetic interogression by Cx. quin cannot be ruled out. Mosquitoes were only identified to the complex!
Ruybal_2016,Culex,yes,pipiens ,not specified,Cpip,classified as Cpip by authors although quinquefasciatus interogression cannot be ruled out,17,population,Mid elevation,Figure 2,27,8.9,not specified but likely mean,NA,NA,The data is female development time. 95% CI could be extracted from Figure.,"finely ground 1:1:1 mixture of MP® Liver Powder Bovine, Kaytee Koi’s Choice® Premium Fish Food, & Small World® alfalfa rabbit feed",unclear,1 liter per 200 larvae,70+-10%,16:8,field,"Egg rafts collected at mid elevation site in Virginia between July 25 and July 28, 2011",NA,NA,All field collected eggs were hatched at 25 °C (±2 °C) under a photoperiod of 14:10 hrs (L:D). Larvae were reared at 25 °C. Adults were held at 25 °C. This first laboratory raised generation of offspring was used for experiments.,the study mentions that for the populations used in these experiment genetic interogression by Cx. quin cannot be ruled out. Mosquitoes were only identified to the complex!
Ruybal_2016,Culex,yes,pipiens ,not specified,Cpip,classified as Cpip by authors although quinquefasciatus interogression cannot be ruled out,17,population,Mid elevation,Figure 2,31,8.3,not specified but likely mean,NA,NA,The data is female development time. 95% CI could be extracted from Figure.,"finely ground 1:1:1 mixture of MP® Liver Powder Bovine, Kaytee Koi’s Choice® Premium Fish Food, & Small World® alfalfa rabbit feed",unclear,1 liter per 200 larvae,70+-10%,16:8,field,"Egg rafts collected at mid elevation site in Virginia between July 25 and July 28, 2011",NA,NA,All field collected eggs were hatched at 25 °C (±2 °C) under a photoperiod of 14:10 hrs (L:D). Larvae were reared at 25 °C. Adults were held at 25 °C. This first laboratory raised generation of offspring was used for experiments.,the study mentions that for the populations used in these experiment genetic interogression by Cx. quin cannot be ruled out. Mosquitoes were only identified to the complex!
Ruybal_2016,Culex,yes,pipiens ,not specified,Cpip,classified as Cpip by authors although quinquefasciatus interogression cannot be ruled out,18,population,High elevation,Figure 2,16,22.4,not specified but likely mean,NA,NA,The data is female development time. 95% CI could be extracted from Figure.,"finely ground 1:1:1 mixture of MP® Liver Powder Bovine, Kaytee Koi’s Choice® Premium Fish Food, & Small World® alfalfa rabbit feed",unclear,1 liter per 200 larvae,70+-10%,16:8,field,"Egg rafts collected at high elevation site in Virginia between July 25 and July 28, 2011",NA,NA,All field collected eggs were hatched at 25 °C (±2 °C) under a photoperiod of 14:10 hrs (L:D). Larvae were reared at 25 °C. Adults were held at 25 °C. This first laboratory raised generation of offspring was used for experiments.,the study mentions that for the populations used in these experiment genetic interogression by Cx. quin cannot be ruled out. Mosquitoes were only identified to the complex!
Ruybal_2016,Culex,yes,pipiens ,not specified,Cpip,classified as Cpip by authors although quinquefasciatus interogression cannot be ruled out,18,population,High elevation,Figure 2,20,14.3,not specified but likely mean,NA,NA,The data is female development time. 95% CI could be extracted from Figure.,"finely ground 1:1:1 mixture of MP® Liver Powder Bovine, Kaytee Koi’s Choice® Premium Fish Food, & Small World® alfalfa rabbit feed",unclear,1 liter per 200 larvae,70+-10%,16:8,field,"Egg rafts collected at high elevation site in Virginia between July 25 and July 28, 2011",NA,NA,All field collected eggs were hatched at 25 °C (±2 °C) under a photoperiod of 14:10 hrs (L:D). Larvae were reared at 25 °C. Adults were held at 25 °C. This first laboratory raised generation of offspring was used for experiments.,the study mentions that for the populations used in these experiment genetic interogression by Cx. quin cannot be ruled out. Mosquitoes were only identified to the complex!
Ruybal_2016,Culex,yes,pipiens ,not specified,Cpip,classified as Cpip by authors although quinquefasciatus interogression cannot be ruled out,18,population,High elevation,Figure 2,24,10.7,not specified but likely mean,NA,NA,The data is female development time. 95% CI could be extracted from Figure.,"finely ground 1:1:1 mixture of MP® Liver Powder Bovine, Kaytee Koi’s Choice® Premium Fish Food, & Small World® alfalfa rabbit feed",unclear,1 liter per 200 larvae,70+-10%,16:8,field,"Egg rafts collected at high elevation site in Virginia between July 25 and July 28, 2011",NA,NA,All field collected eggs were hatched at 25 °C (±2 °C) under a photoperiod of 14:10 hrs (L:D). Larvae were reared at 25 °C. Adults were held at 25 °C. This first laboratory raised generation of offspring was used for experiments.,the study mentions that for the populations used in these experiment genetic interogression by Cx. quin cannot be ruled out. Mosquitoes were only identified to the complex!
Ruybal_2016,Culex,yes,pipiens ,not specified,Cpip,classified as Cpip by authors although quinquefasciatus interogression cannot be ruled out,18,population,High elevation,Figure 2,27,9.8,not specified but likely mean,NA,NA,The data is female development time. 95% CI could be extracted from Figure.,"finely ground 1:1:1 mixture of MP® Liver Powder Bovine, Kaytee Koi’s Choice® Premium Fish Food, & Small World® alfalfa rabbit feed",unclear,1 liter per 200 larvae,70+-10%,16:8,field,"Egg rafts collected at high elevation site in Virginia between July 25 and July 28, 2011",NA,NA,All field collected eggs were hatched at 25 °C (±2 °C) under a photoperiod of 14:10 hrs (L:D). Larvae were reared at 25 °C. Adults were held at 25 °C. This first laboratory raised generation of offspring was used for experiments.,the study mentions that for the populations used in these experiment genetic interogression by Cx. quin cannot be ruled out. Mosquitoes were only identified to the complex!
Ruybal_2016,Culex,yes,pipiens ,not specified,Cpip,classified as Cpip by authors although quinquefasciatus interogression cannot be ruled out,18,population,High elevation,Figure 2,31,9.5,not specified but likely mean,NA,NA,The data is female development time. 95% CI could be extracted from Figure.,"finely ground 1:1:1 mixture of MP® Liver Powder Bovine, Kaytee Koi’s Choice® Premium Fish Food, & Small World® alfalfa rabbit feed",unclear,1 liter per 200 larvae,70+-10%,16:8,field,"Egg rafts collected at high elevation site in Virginia between July 25 and July 28, 2011",NA,NA,All field collected eggs were hatched at 25 °C (±2 °C) under a photoperiod of 14:10 hrs (L:D). Larvae were reared at 25 °C. Adults were held at 25 °C. This first laboratory raised generation of offspring was used for experiments.,the study mentions that for the populations used in these experiment genetic interogression by Cx. quin cannot be ruled out. Mosquitoes were only identified to the complex!
Li_2019,Culex,yes,pipiens pallens,NA,Cpal,unambigious,19,NA,NA,Table 2,10,48.34,mean,NA,NA,trait value calculated by combining larva and pupal stage data. Min and Max available,unclear,unclear,unclear,NA,NA,lab,NA,over 30yr,"originally collected in Wuxi in late 1970s. Maintained in key laboratory of parasitic disease prevention and control technology of the the national health commision of china for more than 30 years at 25+-1 degree, 75+-5% RH and 10h light/d","likely 25+-1 degree, 75+-5% RH and 10h light/day",study translated from Chinese
Li_2019,Culex,yes,pipiens pallens,NA,Cpal,unambigious,19,NA,NA,Table 2,15,30.17,mean,NA,NA,trait value calculated by combining larva and pupal stage data. Min and Max available,unclear,unclear,unclear,NA,NA,lab,NA,over 30yr,"originally collected in Wuxi in late 1970s. Maintained in key laboratory of parasitic disease prevention and control technology of the the national health commision of china for more than 30 years at 25+-1 degree, 75+-5% RH and 10h light/d","likely 25+-1 degree, 75+-5% RH and 10h light/day",study translated from Chinese
Li_2019,Culex,yes,pipiens pallens,NA,Cpal,unambigious,19,NA,NA,Table 2,20,22.03,mean,NA,NA,trait value calculated by combining larva and pupal stage data. Min and Max available,unclear,unclear,unclear,NA,NA,lab,NA,over 30yr,"originally collected in Wuxi in late 1970s. Maintained in key laboratory of parasitic disease prevention and control technology of the the national health commision of china for more than 30 years at 25+-1 degree, 75+-5% RH and 10h light/d","likely 25+-1 degree, 75+-5% RH and 10h light/day",study translated from Chinese
Li_2019,Culex,yes,pipiens pallens,NA,Cpal,unambigious,19,NA,NA,Table 2,25,16.64,mean,NA,NA,trait value calculated by combining larva and pupal stage data. Min and Max available,unclear,unclear,unclear,NA,NA,lab,NA,over 30yr,"originally collected in Wuxi in late 1970s. Maintained in key laboratory of parasitic disease prevention and control technology of the the national health commision of china for more than 30 years at 25+-1 degree, 75+-5% RH and 10h light/d","likely 25+-1 degree, 75+-5% RH and 10h light/day",study translated from Chinese
Li_2019,Culex,yes,pipiens pallens,NA,Cpal,unambigious,19,NA,NA,Table 2,30,11.69,mean,NA,NA,trait value calculated by combining larva and pupal stage data. Min and Max available,unclear,unclear,unclear,NA,NA,lab,NA,over 30yr,"originally collected in Wuxi in late 1970s. Maintained in key laboratory of parasitic disease prevention and control technology of the the national health commision of china for more than 30 years at 25+-1 degree, 75+-5% RH and 10h light/d","likely 25+-1 degree, 75+-5% RH and 10h light/day",study translated from Chinese
Li_2019,Culex,yes,pipiens pallens,NA,Cpal,unambigious,19,NA,NA,Table 2,35,10.4,mean,NA,NA,trait value calculated by combining larva and pupal stage data. Min and Max available,unclear,unclear,unclear,NA,NA,lab,NA,over 30yr,"originally collected in Wuxi in late 1970s. Maintained in key laboratory of parasitic disease prevention and control technology of the the national health commision of china for more than 30 years at 25+-1 degree, 75+-5% RH and 10h light/d","likely 25+-1 degree, 75+-5% RH and 10h light/day",study translated from Chinese
Buth_1990,Culex,no,tarsalis ,NA,Ctar,unambigious,20,species,Ctar,Table 2,15,34.6,mean,NA,0.6,,liver powder,unclear,1 liter per 50 larvae,NA,16:8,lab,NA,since 1973,"colony which originated from Glenlea, MB, in 1973",unclear,
Buth_1990,Culex,no,tarsalis ,NA,Ctar,unambigious,20,species,Ctar,Table 2,20,18.2,mean,NA,0.5,,liver powder,unclear,1 liter per 50 larvae,NA,16:8,lab,NA,since 1973,"colony which originated from Glenlea, MB, in 1973",unclear,
Buth_1990,Culex,no,tarsalis ,NA,Ctar,unambigious,20,species,Ctar,Table 2,25,12.8,mean,NA,0.4,,liver powder,unclear,1 liter per 50 larvae,NA,16:8,lab,NA,since 1973,"colony which originated from Glenlea, MB, in 1973",unclear,
Buth_1990,Culex,no ,restuans,NA,Cres,unambigious,21,species,Cres,Table 2,15,22,mean,NA,0.4,,liver powder,unclear,1 liter per 50 larvae,NA,16:8,field,"obtained from artificial pools in Winnipeg, MB",NA,NA,unclear,
Buth_1990,Culex,no ,restuans,NA,Cres,unambigious,21,species,Cres,Table 2,20,11.6,mean,NA,0.2,,liver powder,unclear,1 liter per 50 larvae,NA,16:8,field,"obtained from artificial pools in Winnipeg, MB",NA,NA,unclear,
Buth_1990,Culex,no ,restuans,NA,Cres,unambigious,21,species,Cres,Table 2,25,8.1,mean,NA,0.5,,liver powder,unclear,1 liter per 50 larvae,NA,16:8,field,"obtained from artificial pools in Winnipeg, MB",NA,NA,unclear,
Buth_1990,Culiseta,no,inornata,NA,Cino,unambigious,22,species,Cino,Table 2,15,23.8,mean,NA,0.5,,liver powder,unclear,1 liter per 50 larvae,NA,16:8,lab,NA,since 1980,"originated from females collected in 1980 from Winnipeg, MB.",unclear,
Buth_1990,Culiseta,no,inornata,NA,Cino,unambigious,22,species,Cino,Table 2,20,20.6,mean,NA,0.6,,liver powder,unclear,1 liter per 50 larvae,NA,16:8,lab,NA,since 1980,"originated from females collected in 1980 from Winnipeg, MB.",unclear,
Buth_1990,Culiseta,no,inornata,NA,Cino,unambigious,22,species,Cino,Table 2,25,13.6,mean,NA,0.5,,liver powder,unclear,1 liter per 50 larvae,NA,16:8,lab,NA,since 1980,"originated from females collected in 1980 from Winnipeg, MB.",unclear,
Madder_1983,Culex,yes,not specified,not specified,Cpip,origin from Canada,23,species,Cpip,Table 6,15,27.1,mean,NA,1.5,,liver powder slurry,unclear,700ml per 50 larvae,NA,16:8,lab,NA,Unclear,"larvae were obtained from a laboratory colony that originated from Guelph, Ontario",Unclear,
Madder_1983,Culex,yes,not specified,not specified,Cpip,origin from Canada,23,species,Cpip,Table 6,17,16,mean,NA,0.4,,liver powder slurry,unclear,700ml per 50 larvae,NA,16:8,lab,NA,Unclear,"larvae were obtained from a laboratory colony that originated from Guelph, Ontario",Unclear,
Madder_1983,Culex,yes,not specified,not specified,Cpip,origin from Canada,23,species,Cpip,Table 6,20,11.6,mean,NA,0.3,,liver powder slurry,unclear,700ml per 50 larvae,NA,16:8,lab,NA,Unclear,"larvae were obtained from a laboratory colony that originated from Guelph, Ontario",Unclear,
Madder_1983,Culex,yes,not specified,not specified,Cpip,origin from Canada,23,species,Cpip,Table 6,23,11.5,mean,NA,0.1,22 Temperature seems to be a typo in the table (see Text),liver powder slurry,unclear,700ml per 50 larvae,NA,16:8,lab,NA,Unclear,"larvae were obtained from a laboratory colony that originated from Guelph, Ontario",Unclear,
Madder_1983,Culex,yes,not specified,not specified,Cpip,origin from Canada,23,species,Cpip,Table 6,25,7,mean,NA,0.1,,liver powder slurry,unclear,700ml per 50 larvae,NA,16:8,lab,NA,Unclear,"larvae were obtained from a laboratory colony that originated from Guelph, Ontario",Unclear,
Madder_1983,Culex,yes,not specified,not specified,Cpip,origin from Canada,23,species,Cpip,Table 6,30,6.9,mean,NA,0.1,,liver powder slurry,unclear,700ml per 50 larvae,NA,16:8,lab,NA,Unclear,"larvae were obtained from a laboratory colony that originated from Guelph, Ontario",Unclear,
Madder_1983,Culex,no,restuans,NA,Cres,unambigious,24,species,Cres,Table 6,15,26.5,mean,NA,0.6,,liver powder slurry,unclear,700ml per 50 larvae,NA,16:8,field,larvae were obtained from egg rafts collected from artificial pools at Guelph University campus,NA,NA,Unclear,
Madder_1983,Culex,no,restuans,NA,Cres,unambigious,24,species,Cres,Table 6,18,16,mean,NA,0.1,,liver powder slurry,unclear,700ml per 50 larvae,NA,16:8,field,larvae were obtained from egg rafts collected from artificial pools at Guelph University campus,NA,NA,Unclear,
Madder_1983,Culex,no,restuans,NA,Cres,unambigious,24,species,Cres,Table 6,20,14.3,mean,NA,0.3,,liver powder slurry,unclear,700ml per 50 larvae,NA,16:8,field,larvae were obtained from egg rafts collected from artificial pools at Guelph University campus,NA,NA,Unclear,
Madder_1983,Culex,no,restuans,NA,Cres,unambigious,24,species,Cres,Table 6,23,11.2,mean,NA,0.2,22 Temperature seems to be a typo in the table (see Text),liver powder slurry,unclear,700ml per 50 larvae,NA,16:8,field,larvae were obtained from egg rafts collected from artificial pools at Guelph University campus,NA,NA,Unclear,
Madder_1983,Culex,no,restuans,NA,Cres,unambigious,24,species,Cres,Table 6,25,8.5,mean,NA,0.3,,liver powder slurry,unclear,700ml per 50 larvae,NA,16:8,field,larvae were obtained from egg rafts collected from artificial pools at Guelph University campus,NA,NA,Unclear,
Madder_1983,Culex,no,restuans,NA,Cres,unambigious,24,species,Cres,Table 6,30,7.3,mean,NA,0.4,,liver powder slurry,unclear,700ml per 50 larvae,NA,16:8,field,larvae were obtained from egg rafts collected from artificial pools at Guelph University campus,NA,NA,Unclear,
Muturi_2011,Culex,no,restuans,NA,Cres,unambigious,25,NA,NA,Table 3,20,12.5,mean,NA,0.12,,Tetramin fish food,0.06g in 30ml water,360ml per 30 larvae,NA,NA,field,"field-collected eggs from Urbana Champaign, IL",NA,NA,"25+-1 Degree, 70% RH, and a photoperiod of 16:8 (L:D). F4 generation was used for experiments",
Muturi_2011,Culex,no,restuans,NA,Cres,unambigious,25,NA,NA,Table 3,25,7.8,mean,NA,0.08,,Tetramin fish food,0.06g in 30ml water,360ml per 30 larvae,NA,NA,field,"field-collected eggs from Urbana Champaign, IL",NA,NA,"25+-1 Degree, 70% RH, and a photoperiod of 16:8 (L:D). F4 generation was used for experiments",
Muturi_2011,Culex,no,restuans,NA,Cres,unambigious,25,NA,NA,Table 3,30,7.5,mean,NA,0.22,,Tetramin fish food,0.06g in 30ml water,360ml per 30 larvae,NA,NA,field,"field-collected eggs from Urbana Champaign, IL",NA,NA,"25+-1 Degree, 70% RH, and a photoperiod of 16:8 (L:D). F4 generation was used for experiments",
Mahmood_1998,Culiseta,no,melanura,NA,Cmel,unambigious,26,NA,NA,Table 2,10,244.3,mean,NA,NA,Mean age at molting. At this temperature replicates were combined,finely ground rat chow every 2nd d at 22-34°C and every 4th d at 10-16°C,unclear,1 liter per 50 larvae,80 %,16:8,lab,NA,F13-F17 generation,originally established from field stock collected from southern New Jersey,Adults and larvae were maintained in an insectary at 24 ± 2°C under a photoperiod of 16:8 (L:D). Larvae were reared in uncovered pans containing deionized water with finely ground rat chow as food. Newly emerged adults were held in a 0.6-m3 cage and provided with 10% sucrose solution.Egg rafts were obtained from colony adults and allowed to hatch at 24 ± 2°C,
Mahmood_1998,Culiseta,no,melanura,NA,Cmel,unambigious,26,NA,NA,Table 2,16,101.1,mean,NA,NA,Mean age at molting. At this temperature replicates were combined,finely ground rat chow every 2nd d at 22-34°C and every 4th d at 10-16°C,unclear,1 liter per 50 larvae,80 %,16:8,lab,NA,F13-F17 generation,originally established from field stock collected from southern New Jersey,Adults and larvae were maintained in an insectary at 24 ± 2°C under a photoperiod of 16:8 (L:D). Larvae were reared in uncovered pans containing deionized water with finely ground rat chow as food. Newly emerged adults were held in a 0.6-m3 cage and provided with 10% sucrose solution.Egg rafts were obtained from colony adults and allowed to hatch at 24 ± 2°C,
Mahmood_1998,Culiseta,no,melanura,NA,Cmel,unambigious,26,NA,NA,Table 2,22,27.7,mean,NA,0.5,Mean age at molting.,finely ground rat chow every 2nd d at 22-34°C and every 4th d at 10-16°C,unclear,1 liter per 50 larvae,80 %,16:8,lab,NA,F13-F17 generation,originally established from field stock collected from southern New Jersey,Adults and larvae were maintained in an insectary at 24 ± 2°C under a photoperiod of 16:8 (L:D). Larvae were reared in uncovered pans containing deionized water with finely ground rat chow as food. Newly emerged adults were held in a 0.6-m3 cage and provided with 10% sucrose solution.Egg rafts were obtained from colony adults and allowed to hatch at 24 ± 2°C,
Mahmood_1998,Culiseta,no,melanura,NA,Cmel,unambigious,26,NA,NA,Table 2,26,32.4,mean,NA,0.9,Mean age at molting.,finely ground rat chow every 2nd d at 22-34°C and every 4th d at 10-16°C,unclear,1 liter per 50 larvae,80 %,16:8,lab,NA,F13-F17 generation,originally established from field stock collected from southern New Jersey,Adults and larvae were maintained in an insectary at 24 ± 2°C under a photoperiod of 16:8 (L:D). Larvae were reared in uncovered pans containing deionized water with finely ground rat chow as food. Newly emerged adults were held in a 0.6-m3 cage and provided with 10% sucrose solution.Egg rafts were obtained from colony adults and allowed to hatch at 24 ± 2°C,
Mahmood_1998,Culiseta,no,melanura,NA,Cmel,unambigious,26,NA,NA,Table 2,28,19.2,mean,NA,0.4,Mean age at molting.,finely ground rat chow every 2nd d at 22-34°C and every 4th d at 10-16°C,unclear,1 liter per 50 larvae,80 %,16:8,lab,NA,F13-F17 generation,originally established from field stock collected from southern New Jersey,Adults and larvae were maintained in an insectary at 24 ± 2°C under a photoperiod of 16:8 (L:D). Larvae were reared in uncovered pans containing deionized water with finely ground rat chow as food. Newly emerged adults were held in a 0.6-m3 cage and provided with 10% sucrose solution.Egg rafts were obtained from colony adults and allowed to hatch at 24 ± 2°C,
Mahmood_1998,Culiseta,no,melanura,NA,Cmel,unambigious,26,NA,NA,Table 2,32,25.3,mean,NA,NA,Took sum of days in stadiums since the age at molting value for this temperature makes no sense.,finely ground rat chow every 2nd d at 22-34°C and every 4th d at 10-16°C,unclear,1 liter per 50 larvae,80 %,16:8,lab,NA,F13-F17 generation,originally established from field stock collected from southern New Jersey,Adults and larvae were maintained in an insectary at 24 ± 2°C under a photoperiod of 16:8 (L:D). Larvae were reared in uncovered pans containing deionized water with finely ground rat chow as food. Newly emerged adults were held in a 0.6-m3 cage and provided with 10% sucrose solution.Egg rafts were obtained from colony adults and allowed to hatch at 24 ± 2°C,
Olejnicek_2000,Culex,yes,pipiens ,molestus,Cmol,unambigious,27,strain,Cuba,Table 1,15,37.6,mean,NA,2.69,"Average of male and female. SE seems large, maybe it is SD",NA,NA,NA,NA,NA,lab,NA,over 5yr,NA,NA,
Olejnicek_2000,Culex,yes,pipiens ,molestus,Cmol,unambigious,27,strain,Cuba,Table 1,22,16.57,mean,NA,1.99,"Average of male and female. SE seems large, maybe it is SD",NA,NA,NA,NA,NA,lab,NA,over 5yr,NA,NA,
Olejnicek_2000,Culex,yes,pipiens ,molestus,Cmol,unambigious,27,strain,Cuba,Table 1,30,12.16,mean,NA,1.35,"Average of male and female. SE seems large, maybe it is SD",NA,NA,NA,NA,NA,lab,NA,over 5yr,NA,NA,
Olejnicek_2000,Culex,yes,pipiens ,molestus,Cmol,unambigious,28,strain,Mosul,Table 2,15,43.18,mean,NA,5.65,"Average of male and female. SE seems large, maybe it is SD",NA,NA,NA,NA,NA,lab,NA,over 5yr,NA,NA,
Olejnicek_2000,Culex,yes,pipiens ,molestus,Cmol,unambigious,28,strain,Mosul,Table 2,22,21.79,mean,NA,2.19,"Average of male and female. SE seems large, maybe it is SD",NA,NA,NA,NA,NA,lab,NA,over 5yr,NA,NA,
Olejnicek_2000,Culex,yes,pipiens ,molestus,Cmol,unambigious,28,strain,Mosul,Table 2,30,12.5,mean,NA,0.99,"Average of male and female. SE seems large, maybe it is SD",NA,NA,NA,NA,NA,lab,NA,over 5yr,NA,NA,
Shelton_1973,Culiseta,no,inornata,NA,Cino,unambigious,29,species,Cino,Figure 1,15,19,mean,NA,NA,,finely ground rabbit chow,unclear,500ml per 20 larvae,NA,NA,unclear,NA,NA,NA,eggs hatched at 27+-3 Degrees,
Shelton_1973,Culiseta,no,inornata,NA,Cino,unambigious,29,species,Cino,Figure 1,20,13.9,mean,NA,NA,,finely ground rabbit chow,unclear,500ml per 20 larvae,NA,NA,unclear,NA,NA,NA,eggs hatched at 27+-3 Degrees,
Shelton_1973,Culiseta,no,inornata,NA,Cino,unambigious,29,species,Cino,Figure 1,23,13.7,mean,NA,NA,,finely ground rabbit chow,unclear,500ml per 20 larvae,NA,NA,unclear,NA,NA,NA,eggs hatched at 27+-3 Degrees,
Shelton_1973,Culiseta,no,inornata,NA,Cino,unambigious,29,species,Cino,Figure 1,26,11.1,mean,NA,NA,,finely ground rabbit chow,unclear,500ml per 20 larvae,NA,NA,unclear,NA,NA,NA,eggs hatched at 27+-3 Degrees,
Shelton_1973,Culex,no,restuans,NA,Cres,unambigious,30,species,Cres,Figure 2,12,25.3,mean,NA,NA,,finely ground rabbit chow,unclear,500ml per 20 larvae,NA,NA,unclear,NA,NA,NA,eggs hatched at 27+-3 Degrees,
Shelton_1973,Culex,no,restuans,NA,Cres,unambigious,30,species,Cres,Figure 2,15,13,mean,NA,NA,,finely ground rabbit chow,unclear,500ml per 20 larvae,NA,NA,unclear,NA,NA,NA,eggs hatched at 27+-3 Degrees,
Shelton_1973,Culex,no,restuans,NA,Cres,unambigious,30,species,Cres,Figure 2,20,10.2,mean,NA,NA,,finely ground rabbit chow,unclear,500ml per 20 larvae,NA,NA,unclear,NA,NA,NA,eggs hatched at 27+-3 Degrees,
Shelton_1973,Culex,no,restuans,NA,Cres,unambigious,30,species,Cres,Figure 2,23,9,mean,NA,NA,,finely ground rabbit chow,unclear,500ml per 20 larvae,NA,NA,unclear,NA,NA,NA,eggs hatched at 27+-3 Degrees,
Shelton_1973,Culex,no,restuans,NA,Cres,unambigious,30,species,Cres,Figure 2,26,6.7,mean,NA,NA,,finely ground rabbit chow,unclear,500ml per 20 larvae,NA,NA,unclear,NA,NA,NA,eggs hatched at 27+-3 Degrees,
Shelton_1973,Culex,no,restuans,NA,Cres,unambigious,30,species,Cres,Figure 2,29,6.4,mean,NA,NA,,finely ground rabbit chow,unclear,500ml per 20 larvae,NA,NA,unclear,NA,NA,NA,eggs hatched at 27+-3 Degrees,
Shelton_1973,Culex,yes,quinquefasciatus,NA,Cqui,unambigious,31,species,Cqui,Figure 3,12,16.75,mean,NA,NA,,finely ground rabbit chow,unclear,500ml per 20 larvae,NA,NA,unclear,NA,NA,NA,eggs hatched at 27+-3 Degrees,
Shelton_1973,Culex,yes,quinquefasciatus,NA,Cqui,unambigious,31,species,Cqui,Figure 3,15,11.49,mean,NA,NA,,finely ground rabbit chow,unclear,500ml per 20 larvae,NA,NA,unclear,NA,NA,NA,eggs hatched at 27+-3 Degrees,
Shelton_1973,Culex,yes,quinquefasciatus,NA,Cqui,unambigious,31,species,Cqui,Figure 3,20,7.96,mean,NA,NA,,finely ground rabbit chow,unclear,500ml per 20 larvae,NA,NA,unclear,NA,NA,NA,eggs hatched at 27+-3 Degrees,
Shelton_1973,Culex,yes,quinquefasciatus,NA,Cqui,unambigious,31,species,Cqui,Figure 3,23,7.97,mean,NA,NA,,finely ground rabbit chow,unclear,500ml per 20 larvae,NA,NA,unclear,NA,NA,NA,eggs hatched at 27+-3 Degrees,
Shelton_1973,Culex,yes,quinquefasciatus,NA,Cqui,unambigious,31,species,Cqui,Figure 3,26,7.47,mean,NA,NA,,finely ground rabbit chow,unclear,500ml per 20 larvae,NA,NA,unclear,NA,NA,NA,eggs hatched at 27+-3 Degrees,
Shelton_1973,Culex,yes,quinquefasciatus,NA,Cqui,unambigious,31,species,Cqui,Figure 3,29,6.45,mean,NA,NA,,finely ground rabbit chow,unclear,500ml per 20 larvae,NA,NA,unclear,NA,NA,NA,eggs hatched at 27+-3 Degrees,
Shelton_1973,Culex,yes,quinquefasciatus,NA,Cqui,unambigious,31,species,Cqui,Figure 3,32,6.97,mean,NA,NA,,finely ground rabbit chow,unclear,500ml per 20 larvae,NA,NA,unclear,NA,NA,NA,eggs hatched at 27+-3 Degrees,
Shelton_1973,Culex,no,salinarius,NA,Csal,unambigious,32,species,Csal,Figure 4,12,36,mean,NA,NA,,finely ground rabbit chow,unclear,500ml per 20 larvae,NA,NA,unclear,NA,NA,NA,eggs hatched at 27+-3 Degrees,
Shelton_1973,Culex,no,salinarius,NA,Csal,unambigious,32,species,Csal,Figure 4,15,27.4,mean,NA,NA,,finely ground rabbit chow,unclear,500ml per 20 larvae,NA,NA,unclear,NA,NA,NA,eggs hatched at 27+-3 Degrees,
Shelton_1973,Culex,no,salinarius,NA,Csal,unambigious,32,species,Csal,Figure 4,20,13.4,mean,NA,NA,,finely ground rabbit chow,unclear,500ml per 20 larvae,NA,NA,unclear,NA,NA,NA,eggs hatched at 27+-3 Degrees,
Shelton_1973,Culex,no,salinarius,NA,Csal,unambigious,32,species,Csal,Figure 4,23,11.3,mean,NA,NA,,finely ground rabbit chow,unclear,500ml per 20 larvae,NA,NA,unclear,NA,NA,NA,eggs hatched at 27+-3 Degrees,
Shelton_1973,Culex,no,salinarius,NA,Csal,unambigious,32,species,Csal,Figure 4,26,12.8,mean,NA,NA,,finely ground rabbit chow,unclear,500ml per 20 larvae,NA,NA,unclear,NA,NA,NA,eggs hatched at 27+-3 Degrees,
Shelton_1973,Culex,no,salinarius,NA,Csal,unambigious,32,species,Csal,Figure 4,29,9.2,mean,NA,NA,,finely ground rabbit chow,unclear,500ml per 20 larvae,NA,NA,unclear,NA,NA,NA,eggs hatched at 27+-3 Degrees,
Shelton_1973,Aedes,no,sollicitans,NA,Asol,unambigious,33,species,Asol,Figure 7,15,19.4,mean,NA,NA,,finely ground rabbit chow,unclear,500ml per 20 larvae,NA,NA,unclear,NA,NA,NA,eggs hatched at 27+-3 Degrees,
Shelton_1973,Aedes,no,sollicitans,NA,Asol,unambigious,33,species,Asol,Figure 7,20,12.1,mean,NA,NA,,finely ground rabbit chow,unclear,500ml per 20 larvae,NA,NA,unclear,NA,NA,NA,eggs hatched at 27+-3 Degrees,
Shelton_1973,Aedes,no,sollicitans,NA,Asol,unambigious,33,species,Asol,Figure 7,23,7.7,mean,NA,NA,,finely ground rabbit chow,unclear,500ml per 20 larvae,NA,NA,unclear,NA,NA,NA,eggs hatched at 27+-3 Degrees,
Shelton_1973,Aedes,no,sollicitans,NA,Asol,unambigious,33,species,Asol,Figure 7,26,6.1,mean,NA,NA,,finely ground rabbit chow,unclear,500ml per 20 larvae,NA,NA,unclear,NA,NA,NA,eggs hatched at 27+-3 Degrees,
Shelton_1973,Aedes,no,sollicitans,NA,Asol,unambigious,33,species,Asol,Figure 7,29,5.3,mean,NA,NA,,finely ground rabbit chow,unclear,500ml per 20 larvae,NA,NA,unclear,NA,NA,NA,eggs hatched at 27+-3 Degrees,
Shelton_1973,Aedes,no,sollicitans,NA,Asol,unambigious,33,species,Asol,Figure 7,32,4.9,mean,NA,NA,,finely ground rabbit chow,unclear,500ml per 20 larvae,NA,NA,unclear,NA,NA,NA,eggs hatched at 27+-3 Degrees,
Shelton_1973,Aedes,no,sollicitans,NA,Asol,unambigious,33,species,Asol,Figure 7,35,4.9,mean,NA,NA,,finely ground rabbit chow,unclear,500ml per 20 larvae,NA,NA,unclear,NA,NA,NA,eggs hatched at 27+-3 Degrees,
Shelton_1973,Aedes,no,triseriatus,NA,Atri,unambigious,34,species,Atri,Figure 8,15,21.6,mean,NA,NA,,finely ground rabbit chow,unclear,500ml per 20 larvae,NA,NA,unclear,NA,NA,NA,eggs hatched at 27+-3 Degrees,
Shelton_1973,Aedes,no,triseriatus,NA,Atri,unambigious,34,species,Atri,Figure 8,20,13.8,mean,NA,NA,,finely ground rabbit chow,unclear,500ml per 20 larvae,NA,NA,unclear,NA,NA,NA,eggs hatched at 27+-3 Degrees,
Shelton_1973,Aedes,no,triseriatus,NA,Atri,unambigious,34,species,Atri,Figure 8,23,11,mean,NA,NA,,finely ground rabbit chow,unclear,500ml per 20 larvae,NA,NA,unclear,NA,NA,NA,eggs hatched at 27+-3 Degrees,
Shelton_1973,Aedes,no,triseriatus,NA,Atri,unambigious,34,species,Atri,Figure 8,26,10.8,mean,NA,NA,,finely ground rabbit chow,unclear,500ml per 20 larvae,NA,NA,unclear,NA,NA,NA,eggs hatched at 27+-3 Degrees,
Shelton_1973,Aedes,no,triseriatus,NA,Atri,unambigious,34,species,Atri,Figure 8,29,11,mean,NA,NA,,finely ground rabbit chow,unclear,500ml per 20 larvae,NA,NA,unclear,NA,NA,NA,eggs hatched at 27+-3 Degrees,
Shelton_1973,Aedes,no,triseriatus,NA,Atri,unambigious,34,species,Atri,Figure 8,32,10,mean,NA,NA,,finely ground rabbit chow,unclear,500ml per 20 larvae,NA,NA,unclear,NA,NA,NA,eggs hatched at 27+-3 Degrees,
Mpho_2002_EurJEnt,Culex,yes,not specified,not specified,Cqui,likely quinquefasciatus since collected in India,35,strain,Kotta,Table 1,25,21.72,mean,NA,0.277,,fish food,unclear,100ml per 30 larvae,NA,NA,field,"collected in 1999 from the field as egg rafts from a filariasis endemic area of India where it had been constantly exposed to insecticides such as organophosphates, pyrethroids and carbamates.",NA,NA,bred under laboratory conditions forjust one generation prior to the experimentation. Eggs  were hatched at 25°C and 85% relative humidity in plastic rearing trays (35 cm x 24 cm x 5 cm) con­ taining 1.5 L of tap water.,Measured from 2nd instar
Mpho_2002_EurJEnt,Culex,yes,not specified,not specified,Cqui,likely quinquefasciatus since collected in India,35,strain,Kotta,Table 1,30,18.33,mean,NA,0.191,,fish food,unclear,100ml per 30 larvae,NA,NA,field,"collected in 1999 from the field as egg rafts from a filariasis endemic area of India where it had been constantly exposed to insecticides such as organophosphates, pyrethroids and carbamates.",NA,NA,bred under laboratory conditions forjust one generation prior to the experimentation. Eggs  were hatched at 25°C and 85% relative humidity in plastic rearing trays (35 cm x 24 cm x 5 cm) con­ taining 1.5 L of tap water.,Measured from 2nd instar
Mpho_2002_EurJEnt,Culex,yes,not specified,not specified,Cqui,likely quinquefasciatus since collected in India,35,strain,Kotta,Table 1,37,16.23,mean,NA,0.422,,fish food,unclear,100ml per 30 larvae,NA,NA,field,"collected in 1999 from the field as egg rafts from a filariasis endemic area of India where it had been constantly exposed to insecticides such as organophosphates, pyrethroids and carbamates.",NA,NA,bred under laboratory conditions forjust one generation prior to the experimentation. Eggs  were hatched at 25°C and 85% relative humidity in plastic rearing trays (35 cm x 24 cm x 5 cm) con­ taining 1.5 L of tap water.,Measured from 2nd instar
Mpho_2002_EurJEnt,Culex,yes,not specified,not specified,Cqui,likely quinquefasciatus due to strain name and references,36,strain,Temix,Table 1,25,19.34,mean,NA,0.644,,fish food,unclear,100ml per 30 larvae,NA,NA,lab,NA,unclear,OP resistant laboratory strain that was obtained by crossing S-LAB with TEM-R;,Eggs  were hatched at 25°C and 85% relative humidity in plastic rearing trays (35 cm x 24 cm x 5 cm) con­ taining 1.5 L of tap water.,Measured from 2nd instar
Mpho_2002_EurJEnt,Culex,yes,not specified,not specified,Cqui,likely quinquefasciatus due to strain name and references,36,strain,Temix,Table 1,30,14.55,mean,NA,0.653,,fish food,unclear,100ml per 30 larvae,NA,NA,lab,NA,unclear,OP resistant laboratory strain that was obtained by crossing S-LAB with TEM-R;,Eggs  were hatched at 25°C and 85% relative humidity in plastic rearing trays (35 cm x 24 cm x 5 cm) con­ taining 1.5 L of tap water.,Measured from 2nd instar
Mpho_2002_EurJEnt,Culex,yes,not specified,not specified,Cqui,likely quinquefasciatus due to strain name and references,36,strain,Temix,Table 1,37,14.22,mean,NA,0.361,,fish food,unclear,100ml per 30 larvae,NA,NA,lab,NA,unclear,OP resistant laboratory strain that was obtained by crossing S-LAB with TEM-R;,Eggs  were hatched at 25°C and 85% relative humidity in plastic rearing trays (35 cm x 24 cm x 5 cm) con­ taining 1.5 L of tap water.,Measured from 2nd instar
Mpho_2002_EurJEnt,Culex,yes,not specified,not specified,Cqui,likely quinquefasciatus due to strain name and references,37,strain,S-lab,Table 1,25,20.06,mean,NA,0.16,,fish food,unclear,100ml per 30 larvae,NA,NA,lab,NA,unclear,S-LAB is the standard laboratory insecticide susceptible strain that has been reared continually in the laboratory without exposure to insecticides,,Measured from 2nd instar
Mpho_2002_EurJEnt,Culex,yes,not specified,not specified,Cqui,likely quinquefasciatus due to strain name and references,37,strain,S-lab,Table 1,30,16.5,mean,NA,0.204,,fish food,unclear,100ml per 30 larvae,NA,NA,lab,NA,unclear,S-LAB is the standard laboratory insecticide susceptible strain that has been reared continually in the laboratory without exposure to insecticides,,Measured from 2nd instar
Mpho_2002_EurJEnt,Culex,yes,not specified,not specified,Cqui,likely quinquefasciatus due to strain name and references,37,strain,S-lab,Table 1,37,12.67,mean,NA,0.167,,fish food,unclear,100ml per 30 larvae,NA,NA,lab,NA,unclear,S-LAB is the standard laboratory insecticide susceptible strain that has been reared continually in the laboratory without exposure to insecticides,,Measured from 2nd instar
Tekle_1960,Culex,yes,pipiens,pipiens,Cpip,unambigious,38,species,Cpip,Table 1,10,64,unclear ,NA,3.8,mean of replicate medians,unclear,unclear,100 larvae per pan,NA,NA,unclear,originated from material collected on the outskirts of Baltimo,unclear,unclear,unclear,
Tekle_1960,Culex,yes,pipiens,pipiens,Cpip,unambigious,38,species,Cpip,Table 1,15,48,unclear ,NA,1.94,mean of replicate medians,unclear,unclear,100 larvae per pan,NA,NA,unclear,originated from material collected on the outskirts of Baltimo,unclear,unclear,unclear,
Tekle_1960,Culex,yes,pipiens,pipiens,Cpip,unambigious,38,species,Cpip,Table 1,20,26,unclear ,NA,1.45,mean of replicate medians,unclear,unclear,100 larvae per pan,NA,NA,unclear,originated from material collected on the outskirts of Baltimo,unclear,unclear,unclear,
Tekle_1960,Culex,yes,pipiens,pipiens,Cpip,unambigious,38,species,Cpip,Table 1,25,14,unclear ,NA,0.72,mean of replicate medians,unclear,unclear,100 larvae per pan,NA,NA,unclear,originated from material collected on the outskirts of Baltimo,unclear,unclear,unclear,
Tekle_1960,Culex,yes,pipiens,pipiens,Cpip,unambigious,38,species,Cpip,Table 1,30,12,unclear ,NA,0.24,mean of replicate medians,unclear,unclear,100 larvae per pan,NA,NA,unclear,originated from material collected on the outskirts of Baltimo,unclear,unclear,unclear,
Tekle_1960,Culex,yes,quinquefasciatus,NA,Cqui,unambigious,39,species,Cqui,Table 1,10,60,unclear ,NA,3.1,mean of replicate medians,unclear,unclear,100 larvae per pan,NA,NA,unclear,a Philippine strain,unclear,unclear,unclear,
Tekle_1960,Culex,yes,quinquefasciatus,NA,Cqui,unambigious,39,species,Cqui,Table 1,15,41,unclear ,NA,0.97,mean of replicate medians,unclear,unclear,100 larvae per pan,NA,NA,unclear,a Philippine strain,unclear,unclear,unclear,
Tekle_1960,Culex,yes,quinquefasciatus,NA,Cqui,unambigious,39,species,Cqui,Table 1,20,22,unclear ,NA,0.48,mean of replicate medians,unclear,unclear,100 larvae per pan,NA,NA,unclear,a Philippine strain,unclear,unclear,unclear,
Tekle_1960,Culex,yes,quinquefasciatus,NA,Cqui,unambigious,39,species,Cqui,Table 1,25,13,unclear ,NA,0.43,mean of replicate medians,unclear,unclear,100 larvae per pan,NA,NA,unclear,a Philippine strain,unclear,unclear,unclear,
Tekle_1960,Culex,yes,quinquefasciatus,NA,Cqui,unambigious,39,species,Cqui,Table 1,30,11,unclear ,NA,0.46,mean of replicate medians,unclear,unclear,100 larvae per pan,NA,NA,unclear,a Philippine strain,unclear,unclear,unclear,
Tekle_1960,Culex,yes,quinquefasciatus,NA,Cqui,unambigious,39,species,Cqui,Table 1,35,8,unclear ,NA,0.48,mean of replicate medians,unclear,unclear,100 larvae per pan,NA,NA,unclear,a Philippine strain,unclear,unclear,unclear,
Ukubuiwe_2018,Culex,yes,quinquefasciatus,NA,Cqui,unambigious,40,NA,NA,Table 1,28.66,9.75,mean,0.09,NA,accepted small fluctuations of temperature in this setting,fish food ,every other day 0.32mg/100 larvae,50 larvae per bowl,NA,NA,lab,NA,unclear,"Freshly laid egg rafts of Culex quinquefasciatus were obtained from the Insectary unit of the Department of Animal Biology, Federal University of Technology, Minna",Unclear,
Ukubuiwe_2018,Culex,yes,quinquefasciatus,NA,Cqui,unambigious,40,NA,NA,Table 1,30,7.98,mean,0.14,NA,,fish food ,every other day 0.32mg/100 larvae,50 larvae per bowl,NA,NA,lab,NA,unclear,"Freshly laid egg rafts of Culex quinquefasciatus were obtained from the Insectary unit of the Department of Animal Biology, Federal University of Technology, Minna",Unclear,
Ukubuiwe_2018,Culex,yes,quinquefasciatus,NA,Cqui,unambigious,40,NA,NA,Table 1,32,7.62,mean,0.19,NA,,fish food ,every other day 0.32mg/100 larvae,50 larvae per bowl,NA,NA,lab,NA,unclear,"Freshly laid egg rafts of Culex quinquefasciatus were obtained from the Insectary unit of the Department of Animal Biology, Federal University of Technology, Minna",Unclear,
Ukubuiwe_2018,Culex,yes,quinquefasciatus,NA,Cqui,unambigious,40,NA,NA,Table 1,34,6.43,mean,0.11,NA,,fish food ,every other day 0.32mg/100 larvae,50 larvae per bowl,NA,NA,lab,NA,unclear,"Freshly laid egg rafts of Culex quinquefasciatus were obtained from the Insectary unit of the Department of Animal Biology, Federal University of Technology, Minna",Unclear,
Boerlijst_2022,Culex,yes,not specified,not specified,Cpip,not specified likely pipiens since collected in Netherlands but ecotype unclear,41,NA,NA,Figure 4B,20,13.66,median,NA,NA,extracted data from the 20mg/L N-total setting to minimize effect of competition,dry cow manure ,20mg/L N-total,30l per 20 larvae,NA,NA,field,egg rafts were collected during the four days prior to the start of an experiment from naturally colonized black plastic buckets at the Living lab field station ,F0,NA,The larvae were subsequently allowed to hatch in white 12 l mesocosms con- taining 10 l of lake water where they were kept at ambient temperature until the start of the experiment.,Mesocosm experiment
Boerlijst_2022,Culex,yes,not specified,not specified,Cpip,not specified likely pipiens since collected in Netherlands but ecotype unclear,41,NA,NA,Figure 4B,25,6.12,median,NA,NA,extracted data from the 20mg/L N-total setting to minimize effect of competition,dry cow manure ,20mg/L N-total,30l per 20 larvae,NA,NA,field,egg rafts were collected during the four days prior to the start of an experiment from naturally colonized black plastic buckets at the Living lab field station ,F0,NA,The larvae were subsequently allowed to hatch in white 12 l mesocosms con- taining 10 l of lake water where they were kept at ambient temperature until the start of the experiment.,Mesocosm experiment
Boerlijst_2022,Culex,yes,not specified,not specified,Cpip,not specified likely pipiens since collected in Netherlands but ecotype unclear,41,NA,NA,Figure 4B,30,6.09,median,NA,NA,extracted data from the 20mg/L N-total setting to minimize effect of competition,dry cow manure ,20mg/L N-total,30l per 20 larvae,NA,NA,field,egg rafts were collected during the four days prior to the start of an experiment from naturally colonized black plastic buckets at the Living lab field station ,F0,NA,The larvae were subsequently allowed to hatch in white 12 l mesocosms con- taining 10 l of lake water where they were kept at ambient temperature until the start of the experiment.,Mesocosm experiment
Fay_2024,Culex,yes,not specified,not specified,Cpip,10.3-11.5% molestus introgression,42,population,Albany,Figure 2C,22,10.39,,,,SE ccould be calculated from raw data shared in article,ground koi food ,"every other day 60 mg first and second instar, 80 mg third instar, and 100 mg fourth instar",50 larvae per 250ml,NA,16:8,field,"collected in Albany, NY in 2021 (42.65379 N,73.76233 W)",F2,NA,"Fieldpopulations were maintained at the NYS Arbovirus Laboratory in an 18-24 inch2 cage in an incubator at constant temperature of 25C with a relative hu- midity of 45-85%, photoperiod of 16:8 (L:D) and a grow light at dawn and dusk.",
Fay_2024,Culex,yes,not specified,not specified,Cpip,10.3-11.5% molestus introgression,42,population,Albany,Figure 2C,25,8.67,,,,SE ccould be calculated from raw data shared in article,ground koi food ,"every other day 60 mg first and second instar, 80 mg third instar, and 100 mg fourth instar",50 larvae per 250ml,NA,16:8,field,"collected in Albany, NY in 2021 (42.65379 N,73.76233 W)",F2,NA,"Fieldpopulations were maintained at the NYS Arbovirus Laboratory in an 18-24 inch2 cage in an incubator at constant temperature of 25C with a relative hu- midity of 45-85%, photoperiod of 16:8 (L:D) and a grow light at dawn and dusk.",
Fay_2024,Culex,yes,not specified,not specified,Cpip,10.3-11.5% molestus introgression,42,population,Albany,Figure 2C,28,8.56,,,,SE ccould be calculated from raw data shared in article,ground koi food ,"every other day 60 mg first and second instar, 80 mg third instar, and 100 mg fourth instar",50 larvae per 250ml,NA,16:8,field,"collected in Albany, NY in 2021 (42.65379 N,73.76233 W)",F2,NA,"Fieldpopulations were maintained at the NYS Arbovirus Laboratory in an 18-24 inch2 cage in an incubator at constant temperature of 25C with a relative hu- midity of 45-85%, photoperiod of 16:8 (L:D) and a grow light at dawn and dusk.",
Fay_2024,Culex,yes,not specified,not specified,Cpip,38.7-47% molestus introgression,43,population,Suffolk,Figure 2C,22,13.27,,,,SE ccould be calculated from raw data shared in article,ground koi food ,"every other day 60 mg first and second instar, 80 mg third instar, and 100 mg fourth instar",50 larvae per 250ml,NA,16:8,field,"collected in Yaphank, NY in 2020 (40.82987 N,72.91851 W)",F3,NA,"Fieldpopulations were maintained at the NYS Arbovirus Laboratory in an 18-24 inch2 cage in an incubator at constant temperature of 25C with a relative hu- midity of 45-85%, photoperiod of 16:8 (L:D) and a grow light at dawn and dusk.",
Fay_2024,Culex,yes,not specified,not specified,Cpip,38.7-47% molestus introgression,43,population,Suffolk,Figure 2C,25,11.47,,,,SE ccould be calculated from raw data shared in article,ground koi food ,"every other day 60 mg first and second instar, 80 mg third instar, and 100 mg fourth instar",50 larvae per 250ml,NA,16:8,field,"collected in Yaphank, NY in 2020 (40.82987 N,72.91851 W)",F3,NA,"Fieldpopulations were maintained at the NYS Arbovirus Laboratory in an 18-24 inch2 cage in an incubator at constant temperature of 25C with a relative hu- midity of 45-85%, photoperiod of 16:8 (L:D) and a grow light at dawn and dusk.",
Fay_2024,Culex,yes,not specified,not specified,Cpip,38.7-47% molestus introgression,43,population,Suffolk,Figure 2C,28,8.98,,,,SE ccould be calculated from raw data shared in article,ground koi food ,"every other day 60 mg first and second instar, 80 mg third instar, and 100 mg fourth instar",50 larvae per 250ml,NA,16:8,field,"collected in Yaphank, NY in 2020 (40.82987 N,72.91851 W)",F3,NA,"Fieldpopulations were maintained at the NYS Arbovirus Laboratory in an 18-24 inch2 cage in an incubator at constant temperature of 25C with a relative hu- midity of 45-85%, photoperiod of 16:8 (L:D) and a grow light at dawn and dusk.",